id;name;name_loc;name_english_loc;primary_attr;complexity;thumbnail;attack_capability;role_levels;bad_against_main_heroes;bad_against_others_heroes;good_against_main_heroes;good_against_others_heroes;works_well_with_main_heroes;works_well_with_others_heroes
1;"npc_dota_hero_antimage";"Anti-Mage";"Anti-Mage";1;1;"/images/heroes/vertical/antimage_vert.png";1;"3,0,1,0,0,0,3,0,0";"Axe,Bane,Disruptor,Doom,Grimstroke,Legion Commander,Meepo,Mirana,Night Stalker,Outworld Destroyer,Phantom Assassin,Puck,Slardar,Slark,Shadow Demon,Templar Assassin,Troll Warlord,Viper";"Huskar,Kunkka,Sven,Terrorblade,Lion,Silencer,Shadow Shaman,Grimstroke,Witch Doctor,Riki,Faceless Void,Skywrath Mage,Puck";"Ancient Apparition,Abaddon,Arc Warden,Bristleback,Clockwerk,Dragon Knight,Elder Titan,Medusa,Ogre Magi,Phoenix,Pugna,Rubick,Spectre,Storm Spirit,Tidehunter,Undying,Venomancer,Windranger,Wraith King,Zeus";"Lich,Necrophos,Oracle,Leshrac,Nature's Prophet,Tinker,Arc Warden,Timbersaw,Slark,Shadow Fiend,Clinkz,Bristleback,Nyx Assassin,Magnus";"Bane,Bounty Hunter,Dazzle,Dark Seer,Lion,Magnus,Oracle,Shadow Demon,Slardar,Treant Protector";"Nyx Assassin,Invoker,Lion,Bane,Disruptor,Puck,Enigma,Magnus,Dark Seer,Abaddon,Chen,Dazzle,Omniknight,Treant Protector,Tusk,Queen of Pain"
2;"npc_dota_hero_axe";"Axe";"Axe";0;1;"/images/heroes/vertical/axe_vert.png";1;"1,0,0,2,0,3,0,0,3";"Doom,Jakiro,Necrophos,Night Stalker,Outworld Destroyer,Phoenix,Pugna,Shadow Demon,Ursa,Venomancer,Viper";"Bristleback,Crystal Maiden,Batrider,Arc Warden,Winter Wyvern,Clockwerk,Legion Commander,Beastmaster,Primal Beast,Drow Ranger,Sniper,Lion,Timbersaw";"Abaddon,Anti-Mage,Broodmother,Dazzle,Huskar,Morphling,Nature's Prophet,Nyx Assassin,Phantom Assassin,Phantom Lancer,Slark,Terrorblade,Troll Warlord,Weaver";"Chaos Knight,Meepo,Lycan,Phantom Lancer,Faceless Void,Troll Warlord,Anti-Mage,Juggernaut,Arc Warden,Morphling,Phantom Assassin,Faceless Void,Slark,Chaos Knight,Morphling,Queen of Pain";"Ancient Apparition,Dark Seer,Dazzle,Disruptor,Enigma,Grimstroke,Luna,Magnus,Phoenix,Phantom Assassin,Sand King,Shadow Demon,Skywrath Mage,Tiny,Venomancer,Witch Doctor";"Earthshaker,Elder Titan,Invoker"
3;"npc_dota_hero_bane";"Bane";"Bane";3;2;"/images/heroes/vertical/bane_vert.png";2;"0,2,1,3,0,1,0,0,0";"Abaddon,Broodmother,Doom,Jakiro,Luna,Pudge,Rubick,Slark,Tidehunter";"Broodmother,Chaos Knight,Naga Siren,Nature's Prophet,Phantom Lancer,Terrorblade,Visage,Warlock,Wraith King,Oracle,Legion Commander,Omniknight,Outworld Destroyer,Shadow Demon,Tusk,Phoenix,Lion,Shadow Shaman,Dazzle,Luna,Weaver,Morphling,Queen of Pain,Ember Spirit";"Faceless Void,Legion Commander,Medusa,Muerta,Phantom Assassin,Shadow Fiend,Viper";"Juggernaut,Lifestealer,Pangolier,Anti-Mage,Clinkz,Drow Ranger,Faceless Void,Gyrocopter,Juggernaut,Meepo,Mirana,Monkey King,Morphling,Phantom Assassin,Phantom Lancer,Riki,Shadow Fiend,Slark,Sniper,Terrorblade,Troll Warlord,Weaver,Disruptor,Death Prophet,Enigma,Faceless Void,Invoker,Lich,Magnus,Mars,Medusa,Outworld Destroyer,Phoenix,Puck,Queen of Pain,Shadow Fiend,Treant Protector,Underlord,Winter Wyvern,Witch Doctor,Zeus,Wraith King,Medusa,Storm Spirit";"Grimstroke,Kunkka,Mirana,Omniknight,Pudge,Skywrath Mage";"Lion,Shadow Shaman,Dragon Knight,Beastmaster,Shadow Fiend,Invoker,Lina,Ursa,Legion Commander,Pugna,Witch Doctor,Viper"
4;"npc_dota_hero_bloodseeker";"Bloodseeker";"Bloodseeker";1;1;"/images/heroes/vertical/bloodseeker_vert.png";1;"1,0,1,1,0,0,0,0,1";"Abaddon,Dazzle,Ember Spirit,Faceless Void,Medusa,Morphling,Omniknight,Storm Spirit,Tinker,Troll Warlord,Underlord,Wraith King";"Dragon Knight,Axe,Phantom Lancer,Chaos Knight,Arc Warden,Necrophos,Dazzle,Batrider,Beastmaster";"Anti-Mage,Clinkz,Huskar,Lycan,Meepo,Mirana,Pangolier,Phoenix,Queen of Pain,Riki,Slark,Sniper,Timbersaw,Vengeful Spirit,Weaver,Windranger";"Bounty Hunter,Templar Assassin,Riki,Clinkz,Weaver,Treant Protector,Nyx Assassin,Spirit Breaker,Earth Spirit,Dark Seer,Phantom Assassin,Anti-Mage,Faceless Void,Riki,Slark,Spirit Breaker";"Ancient Apparition,Batrider,Bounty Hunter,Earthshaker,Earth Spirit,Invoker,Jakiro,Luna,Magnus,Nature's Prophet,Phoenix,Queen of Pain,Venomancer,Warlock,Zeus";"Skywrath Mage,Lina,Lion,Outworld Destroyer,Lich,Luna,Queen of Pain,Tinker,Tiny,Magnus,Pudge,Batrider,Tusk,Vengeful Spirit,Earth Spirit,Dark Willow,Lone Druid,Jakiro,Skywrath Mage,Lina,Luna,Pugna,Razor,Lion,Pudge,Clockwerk,Mirana,Sand King,Enigma,Elder Titan"
5;"npc_dota_hero_crystal_maiden";"Crystal Maiden";"Crystal Maiden";2;1;"/images/heroes/vertical/crystal_maiden_vert.png";2;"0,3,2,2,0,0,0,0,0";"Axe,Bounty Hunter,Bristleback,Clockwerk,Doom,Earth Spirit,Jakiro,Kunkka,Legion Commander,Luna,Naga Siren,Nyx Assassin,Pudge,Tidehunter,Tusk,Visage";"Juggernaut,Lifestealer,Faceless Void,Pudge,Elder Titan,Death Prophet,Pudge,Anti-Mage,Clinkz,Viper";"Slark,Phantom Assassin,Templar Assassin,Terrorblade";"Queen of Pain,Anti-Mage,Phantom Assassin,Riki,Puck,Spirit Breaker,Riki,Bounty Hunter,Weaver,Clinkz,Enchantress,Chen,Enchantress,Chen,Chaos Knight,Phantom Lancer,Terrorblade,Spectre";"Juggernaut,Timbersaw,Sven";"Clinkz,Drow Ranger,Pudge,Chaos Knight"
6;"npc_dota_hero_drow_ranger";"Drow Ranger";"Drow Ranger";1;1;"/images/heroes/vertical/drow_ranger_vert.png";2;"2,0,0,1,0,0,0,1,0";"Faceless Void,Tinker,Arc Warden,Tusk,Axe,Clockwerk,Chaos Knight,Huskar,Lycan,Nyx Assassin,Omniknight,Phantom Lancer,Pudge,Razor,Riki,Slark";"Phantom Assassin,Spirit Breaker,Tusk,Primal Beast,Axe,Centaur Warrunner,Bounty Hunter,Riki,Sniper,Tinker";"Juggernaut,Anti-Mage,Clinkz,Enigma,Morphling,Terrorblade,Weaver,Rubick,Windranger";"Clinkz,Crystal Maiden,Queen of Pain";"Medusa,Vengeful Spirit";"Sniper,Templar Assassin,Shadow Fiend,Clinkz,Arc Warden,Viper,Axe,Centaur_Warrunner,Mars"
7;"npc_dota_hero_earthshaker";"Earthshaker";"Earthshaker";0;2;"/images/heroes/vertical/earthshaker_vert.png";1;"0,1,1,2,0,0,0,0,3";"Clockwerk,Death Prophet,Disruptor,Earth Spirit,Jakiro,Lifestealer,Luna,Necrophos,Outworld Destroyer,Puck,Razor,Skywrath Mage,Sniper,Spectre,Templar Assassin,Venomancer,Viper,Zeus";"Clinkz,Slark,Storm Spirit,Invoker,Warlock,Silencer,Doom,Riki,Night Stalker";"Broodmother,Chaos Knight,Legion Commander,Meepo,Naga Siren,Nature's Prophet,Phantom Lancer,Spirit Breaker";"Crystal Maiden,Witch Doctor,Bane,Pugna,Pudge,Slark,Weaver";"Dark Seer,Enigma,Magnus,Naga Siren,Puck,Sand King";"Lich,Gyrocopter"
8;"npc_dota_hero_juggernaut";"Juggernaut";"Juggernaut";1;1;"/images/heroes/vertical/juggernaut_vert.png";1;"2,0,0,0,0,0,1,1,0";"Axe,Bane,Chaos Knight,Enigma,Mars,Nature's Prophet,Pugna,Omniknight,Outworld Destroyer,Ursa,Rubick,Pudge,Legion Commander,Sniper,Windranger";"Anti-Mage,Riki,Queen of Pain,Puck,Storm Spirit,Ember Spirit,Slark,Shadow Demon,Dazzle,Oracle,Bane,Pugna,Tusk,Winter Wyvern,Io,Underlord,Treant Protector,Keeper of the Light,Sven,Dragon Knight,Naga Siren,Chaos Knight,Terrorblade,Phantom Lancer,Keeper of the Light";"Dark Willow,Enchantress,Invoker,Keeper of the Light,Necrophos,Nyx Assassin,Phoenix,Templar Assassin,Zeus";"";"Crystal Maiden,Lich,Dazzle,Axe,Magnus,Shadow Shaman,Venomancer,Zeus";""
9;"npc_dota_hero_mirana";"Mirana";"Mirana";3;2;"/images/heroes/vertical/mirana_vert.png";2;"1,1,1,1,0,0,2,0,0";"Abaddon,Arc Warden,Bloodseeker,Bounty Hunter,Broodmother,Lina,Luna,Lycan,Meepo,Night Stalker,Puck,Slark,Windranger";"Doom,Silencer,Lion,Bounty Hunter,Zeus,Slardar,Legion Commander,Outworld Destroyer,Shadow Demon,Oracle,Shadow Demon,Phantom Lancer,Nature's Prophet,Anti-Mage,Queen of Pain,Storm Spirit,Riki";"Anti-Mage,Crystal Maiden,Drow Ranger,Techies,Witch Doctor";"Legion Commander,Bane,Pudge,Enigma,Chen,Enchantress";"Axe,Bane,Batrider,Clockwerk,Shadow Demon,Sven,Underlord";"Shadow Shaman,Naga Siren,Lion,Pugna,Skywrath Mage,Chen,Bounty Hunter,Riki,Night Stalker"
11;"npc_dota_hero_nevermore";"Shadow Fiend";"Shadow Fiend";1;2;"/images/heroes/vertical/nevermore_vert.png";2;"2,0,3,0,0,0,0,0,0";"Axe,Razor,Bane,Bounty Hunter,Disruptor,Doom,Dragon Knight,Jakiro,Lina,Luna,Night Stalker,Pugna,Sniper,Spirit Breaker,Tinker,Ursa,Tidehunter,Viper,Zeus";"Earth Spirit,Nyx Assassin,Riki,Spirit Breaker,Lina,Lion,Luna,Nyx Assassin,Queen of Pain,Puck,Weaver,Bane,Enigma,Pudge,Shadow Shaman,Dawnbreaker,Warlock,Crystal Maiden";"Clockwerk,Meepo,Nature's Prophet,Void Spirit,Silencer,Slark";"Crystal Maiden,Skywrath Mage";"Bane,Clockwerk,Enigma,Legion Commander,Magnus,Slardar,Tidehunter,Vengeful Spirit";"Naga Siren,Dark Seer,Underlord,Beastmaster,Invoker,Legion Commander,Ogre Magi,Dazzle,Oracle"
10;"npc_dota_hero_morphling";"Morphling";"Morphling";1;3;"/images/heroes/vertical/morphling_vert.png";2;"3,0,1,1,0,2,3,0,0";"Ancient Apparition,Anti-Mage,Arc Warden,Earth Spirit,Elder Titan,Lion,Meepo,Mirana,Outworld Destroyer,Phantom Lancer,Rubick,Skywrath Mage";"Puck,Death Prophet,Silencer,Underlord,Winter Wyvern,Necrophos,Lina,Lion";"Lifestealer,Bloodseeker,Clockwerk,Drow Ranger,Lone Druid,Phantom Assassin,Windranger,Razor,Sniper";"";"Drow Ranger,Earthshaker,Tiny,Pugna,Keeper of the Light,Crystal Maiden";"Lion,Shadow Shaman,Tidehunter,Earthshaker,Earth Spirit,Dark Willow,Shadow Demon"
12;"npc_dota_hero_phantom_lancer";"Phantom Lancer";"Phantom Lancer";1;2;"/images/heroes/vertical/phantom_lancer_vert.png";1;"2,0,1,0,0,0,2,1,0";"Axe,Bristleback,Centaur Warrunner,Dark Seer,Dragon Knight,Earthshaker,Ember Spirit,Grimstroke,Gyrocopter,Hoodwink,Jakiro,Kunkka,Legion Commander,Leshrac,Meepo,Magnus,Pangolier,Phoenix,Puck,Razor,Sand King,Storm Spirit,Sven,Tidehunter,Timbersaw,Void Spirit";"Doom,Bloodseeker,Ancient Apparition,Grimstroke,Shadow Demon,Monkey King,Timbersaw,Axe,Bristleback,Alchemist,Underlord,Zeus";"Arc Warden,Batrider,Bounty Hunter,Chaos Knight,Clockwerk,Disruptor,Lifestealer,Lone Druid,Outworld Destroyer,Pugna,Slark,Templar Assassin,Undying,Viper,Visage,Wraith King";"Phantom Assassin,Broodmother,Terrorblade,Chaos Knight,Wraith King,Techies";"Bane,Crystal Maiden,Dazzle,Jakiro,Keeper of the Light,Oracle,Shadow Shaman,Slardar,Spirit Breaker,Undying,Venomancer";"Warlock,Earth Spirit,Brewmaster"
13;"npc_dota_hero_puck";"Puck";"Puck";2;2;"/images/heroes/vertical/puck_vert.png";2;"0,0,2,3,0,0,3,0,3";"Arc Warden,Doom,Earth Spirit,Rubick,Faceless Void,Jakiro,Lycan,Lone Druid,Night Stalker,Nyx Assassin,Silencer,Templar Assassin,Venomancer,Viper,Wraith King";"Riki,Disruptor,Lifestealer,Juggernaut,Omniknight,Huskar,Tusk,Axe,Bristleback,Centaur Warrunner,Spirit Breaker,Pudge,Huskar,Wraith King,Doom,Lion,Crystal Maiden,Disruptor,Bloodseeker,Kunkka,Keeper of the Light";"Earth Spirit,Void Spirit,Pangolier,Pugna,Crystal Maiden,Invoker,Mirana,Lina,Phoenix,Sniper,Terrorblade,Windranger";"Lina,Witch Doctor,Tinker,Keeper of the Light,Broodmother,Nature's Prophet,Enigma,Sven,Lifestealer,Ursa,Alchemist,Queen of Pain,Storm Spirit,Ember Spirit,Lycan,Bloodseeker,Anti-Mage,Timbersaw";"Dark Willow,Magnus,Enigma,Invoker,Kunkka,Phoenix,Witch Doctor";"Sand King,Elder Titan,Underlord,Leshrac,Keeper of the Light,Queen of Pain,Undying,Shadow Demon,Bloodseeker,Abaddon,Legion Commander,Oracle,Omniknight,Earth Spirit,Queen of Pain,Vengeful Spirit,Huskar,Clockwerk,Pudge,Invoker,Tusk,Tiny,Lone Druid,Batrider"
14;"npc_dota_hero_pudge";"Pudge";"Pudge";0;2;"/images/heroes/vertical/pudge_vert.png";1;"0,0,1,2,0,2,0,0,2";"Abaddon,Anti-Mage,Bristleback,Bounty Hunter,Chaos Knight,Doom,Legion Commander,Lifestealer,Mirana,Necrophos,Night Stalker,Nyx Assassin,Outworld Destroyer,Rubick,Slardar,Slark,Tidehunter,Timbersaw,Weaver";"Sven,Phantom Assassin,Outworld Destroyer,Nature's Prophet,Phantom Lancer,Chen,Ember Spirit,Riki,Clinkz,Queen of Pain,Razor,Necrophos,Undying,Phantom Lancer";"Crystal Maiden,Drow Ranger,Phantom Assassin,Sniper,Spectre,Tinker,Zeus";"Gyrocopter,Dark Seer,Shadow Shaman,Witch Doctor,Enigma,Bane,Enigma,Juggernaut,Phantom Assassin,Pugna,Elder Titan,Phantom Assassin,Faceless Void,Queen of Pain,Crystal Maiden,Muerta,Sniper";"Oracle,Techies,Pugna,Outworld Destroyer,Lifestealer,Tiny,Crystal Maiden,Bloodseeker,Omniknight";"Bane,Rubick,Dark Seer"
15;"npc_dota_hero_razor";"Razor";"Razor";1;1;"/images/heroes/vertical/razor_vert.png";2;"2,0,1,0,0,2,0,1,0";"Anti-Mage,Chaos Knight,Centaur Warrunner,Earth Spirit,Huskar,Morphling,Necrophos,Outworld Destroyer,Queen of Pain,Rubick,Slark,Sniper,Viper,Weaver";"Dark Seer,Ember Spirit,Storm Spirit,Timbersaw,Tinker";"Bristleback,Earthshaker,Lifestealer,Monkey King,Phantom Assassin,Phantom Lancer,Spirit Breaker,Terrorblade,Troll Warlord,Ursa,Windranger";"Templar Assassin,Dragon Knight,Tidehunter,Pudge,Sven,Bloodseeker,Juggernaut";"Death Prophet,Shadow Demon,Outworld Destroyer,Bane,Luna,Naga Siren,Winter Wyvern";"Lion,Shadow Shaman,Puck"
16;"npc_dota_hero_sand_king";"Sand King";"Sand King";3;2;"/images/heroes/vertical/sand_king_vert.png";1;"0,1,2,2,0,0,2,0,3";"Earth Spirit,Phoenix,Rubick,Silencer,Tidehunter,Zeus";"Lifestealer,Pugna";"Broodmother,Luna,Meepo,Nature's Prophet,Phantom Assassin,Slark,Templar Assassin";"Chaos Knight,Phantom Lancer,Terrorblade,Naga Siren,Phantom Assassin,Clinkz,Sniper,Enchantress,Dragon Knight,Jakiro,Pugna,Earthshaker,Lifestealer,Night Stalker,Ursa,Phantom Assassin,Terrorblade";"Crystal Maiden,Keeper of the Light,Tidehunter,Tiny,Monkey King,Warlock,Earthshaker";"Sven,Enigma,Elder Titan,Earthshaker,Crystal Maiden,Monkey King,Phoenix,Venomancer,Naga Siren"
17;"npc_dota_hero_storm_spirit";"Storm Spirit";"Storm Spirit";2;2;"/images/heroes/vertical/storm_spirit_vert.png";2;"2,0,2,1,0,0,3,0,1";"Anti-Mage,Doom,Ember Spirit,Lina,Night Stalker,Nyx Assassin,Queen of Pain,Riki,Silencer,Techies,Tusk,Outworld Destroyer";"Death Prophet,Lion,Shadow Shaman,Skywrath Mage,Nyx Assassin,Invoker,Outworld Destroyer,Pugna,Lion";"Ancient Apparition,Arc Warden,Bloodseeker,Earth Spirit,Lina,Mars,Monkey King,Phantom Lancer,Razor,Sniper,Spectre,Terrorblade,Tinker,Vengeful Spirit,Windranger,Viper,Weaver";"Shadow Demon,Shadow Fiend,Venomancer,Ancient Apparition,Queen of Pain,Slark,Weaver";"Keeper of the Light,Omniknight,Lifestealer";""
18;"npc_dota_hero_sven";"Sven";"Sven";0;1;"/images/heroes/vertical/sven_vert.png";1;"2,0,1,2,0,2,0,0,2";"Axe,Pugna,Razor,Riki,Omniknight,Medusa,Troll Warlord,Templar Assassin,Winter Wyvern";"Clockwerk,Beastmaster,Lion,Shadow Shaman,Magnus,Venomancer,Necrophos,Centaur Warrunner,Troll Warlord,Lone Druid,Templar Assassin,Riki,Bounty Hunter,Templar Assassin,Morphling,Huskar,Keeper of the Light";"Anti-Mage,Broodmother,Chaos Knight,Chen,Death Prophet,Doom,Juggernaut,Meepo,Pangolier,Phantom Lancer,Sniper,Tiny,Warlock";"Anti-Mage,Spectre,Shadow Fiend,Alchemist,Anti-Mage,Crystal Maiden,Naga Siren,Arc Warden,Broodmother,Phantom Assassin,Storm Spirit,Phantom Lancer,Dark Seer,Underlord,Legion Commander,Lina,Slark,Zeus,Crystal Maiden,Vengeful Spirit,Dark Willow";"Crystal Maiden,Dark Seer,Death Prophet,Enigma,Io,Lion,Magnus,Oracle,Shadow Shaman";"Alchemist,Bristleback,Lifestealer"
19;"npc_dota_hero_tiny";"Tiny";"Tiny";0;2;"/images/heroes/vertical/tiny_vert.png";1;"3,0,2,1,0,2,0,2,2";"Bristleback,Chaos Knight,Juggernaut,Invoker,Lifestealer,Lion,Necrophos,Viper";"Phantom Assassin,Tinker,Clinkz,Templar Assassin,Ursa,Wraith King,Sniper,Drow Ranger,Tusk,Phoenix";"Broodmother,Lone Druid,Meepo,Naga Siren";"Lion,Ancient Apparition,Keeper of the Light,Visage";"Bloodseeker,Earthshaker,Io,Magnus,Enigma,Slardar,Tidehunter,Pudge";"Invoker,Beastmaster,Ogre Magi,Shadow Shaman,Lion"
20;"npc_dota_hero_vengefulspirit";"Vengeful Spirit";"Vengeful Spirit";3;1;"/images/heroes/vertical/vengefulspirit_vert.png";2;"0,3,1,2,0,0,1,0,2";"Anti-Mage,Lina,Nyx Assassin,Phantom Lancer,Rubick,Spirit Breaker,Tidehunter,Viper";"Queen of Pain,Storm Spirit,Slark,Skywrath Mage,Beastmaster,Chaos Knight";"Batrider,Clockwerk,Faceless Void,Huskar,Meepo,Monkey King";"Crystal Maiden,Bane,Enigma,Lifestealer,Juggernaut,Sven";"Shadow Fiend,Slardar,Drow Ranger,Mirana,Bloodseeker,Crystal Maiden,Weaver,Sniper";""
21;"npc_dota_hero_windrunner";"Windranger";"Windranger";3;2;"/images/heroes/vertical/windrunner_vert.png";2;"1,1,1,1,0,0,1,0,0";"Axe,Clockwerk,Doom,Bristleback,Anti-Mage,Bloodseeker,Centaur Warrunner,Dark Willow,Drow Ranger,Faceless Void,Morphling,Nyx Assassin,Legion Commander,Ember Spirit,Pangolier,Razor,Silencer,Spectre,Sven,Shadow Demon,Storm Spirit,Tidehunter,Venomancer,Void Spirit";"Puck,Silencer,Death Prophet,Skywrath Mage,Drow Ranger,Earth Spirit,Grimstroke,Zeus,Tinker,Leshrac,Viper,Skywrath Mage,Lion,Lina,Venomancer,Bounty Hunter,Bloodseeker,Slardar,Spirit Breaker,Lycan,Storm Spirit,Earth Spirit,Void Spirit,Slark";"Earthshaker,Huskar,Hoodwink,Phantom Assassin,Pudge,Ursa";"Troll Warlord,Sniper,Monkey King,Sven,Chaos Knight,Terrorblade,Phantom Lancer,Naga Siren";"Bloodseeker,Nature's Prophet,Hoodwink";""
22;"npc_dota_hero_zuus";"Zeus";"Zeus";2;1;"/images/heroes/vertical/zuus_vert.png";2;"1,0,3,0,0,0,0,0,0";"Anti-Mage,Ember Spirit,Faceless Void,Chaos Knight,Juggernaut,Lifestealer,Meepo,Pudge,Pugna,Silencer,Templar Assassin,Ursa,Viper";"Lycan,Slark,Storm Spirit,Spectre,Death Prophet,Drow Ranger,Bloodseeker,Disruptor,Clockwerk,Kunkka,Puck,Skywrath Mage,Spirit Breaker,Tusk,Viper,Anti-Mage";"Slardar,Enchantress,Timbersaw,Bounty Hunter,Invoker,Winter Wyvern,Lich,Necrophos,Tinker";"Troll Warlord,Windranger,Terrorblade,Weaver,Templar Assassin,Riki,Batrider,Monkey King,Spectre,Tinker";"Ancient Apparition,Bloodseeker,Dazzle,Tidehunter";"Crystal Maiden,Keeper of the Light"
23;"npc_dota_hero_kunkka";"Kunkka";"Kunkka";0;2;"/images/heroes/vertical/kunkka_vert.png";1;"2,1,1,2,0,1,0,0,2";"Clinkz,Ursa,Silencer,Mirana,Phoenix,Omniknight,Huskar,Juggernaut,Rubick,Lifestealer,Sniper,Timbersaw,Outworld Destroyer";"Treant Protector,Outworld Destroyer,Shadow Demon";"Chaos Knight,Broodmother,Lycan,Meepo,Phantom Lancer,Queen of Pain,Spectre,Sand King,Windranger,Warlock";"Disruptor,Witch Doctor,Earth Spirit,Storm Spirit,Tinker,Nature's Prophet";"Dark Seer,Faceless Void,Huskar,Invoker,Lifestealer,Slark,Warlock";""
25;"npc_dota_hero_lina";"Lina";"Lina";2;1;"/images/heroes/vertical/lina_vert.png";2;"1,1,3,1,0,0,0,0,0";"Anti-Mage,Faceless Void,Ember Spirit,Lifestealer,Nyx Assassin,Phantom Lancer,Puck,Silencer,Slark,Spectre,Storm Spirit,Sven,Templar Assassin,Viper";"Batrider,Pudge,Vengeful Spirit,Timbersaw,Anti-Mage,Lifestealer,Juggernaut";"Ancient Apparition,Chen,Clinkz,Crystal Maiden,Dazzle,Enchantress,Huskar,Meepo,Mirana,Morphling,Necrophos,Queen of Pain,Phantom Assassin,Pudge,Shadow Fiend,Sniper,Terrorblade,Treant Protector,Venomancer";"Witch Doctor,Bane,Phantom Assassin,Terrorblade,Underlord,Spirit Breaker,Broodmother,Nature's Prophet,Chen,Terrorblade,Naga Siren,Visage,Wraith King,Lycan,Phantom Lancer,Shadow Shaman";"Shadow Demon,Sven,Luna,Naga Siren,Pugna,Huskar,Bane,Grimstroke,Slark";"Luna,Jakiro,Shadow Demon,Naga Siren,Shadow Shaman,Outworld Destroyer,Treant Protector,Axe,Venomancer,Viper,Huskar,Skywrath Mage,Dazzle,Necrophos,Batrider,Outworld Destroyer,Dawnbreaker,Naga Siren,Bane,Slark,Omniknight,Dazzle,Razor,Viper,Clockwerk,Weaver,Ursa,Mirana,Leshrac,Bloodseeker,Hoodwink,Jakiro,Troll Warlord,Pugna,Jakiro,Keeper of the Light,Broodmother,Naga Siren,Shadow Shaman,Death Prophet,Lycan,Visage,Razor,Venomancer,Meepo,Enigma,Chaos Knight,Nature's Prophet,Warlock,Phantom Lancer,Terrorblade"
31;"npc_dota_hero_lich";"Lich";"Lich";2;1;"/images/heroes/vertical/lich_vert.png";2;"0,3,2,0,0,0,0,0,0";"Anti-Mage,Bloodseeker,Broodmother,Huskar,Lycan,Nature's Prophet,Phantom Assassin,Queen of Pain,Weaver";"Dark Seer,Bloodseeker,Death Prophet,Silencer,Drow Ranger,Skywrath Mage";"Meepo,Chaos Knight,Lone Druid,Arc Warden";"";"Magnus,Warlock,Treant Protector,Witch Doctor,Faceless Void,Enigma,Axe,Grimstroke";""
26;"npc_dota_hero_lion";"Lion";"Lion";2;1;"/images/heroes/vertical/lion_vert.png";2;"0,2,3,3,0,0,0,0,2";"Abaddon,Anti-Mage,Lifestealer,Puck,Rubick,Slark,Tidehunter,Disruptor";"Tinker,Oracle,Silencer,Oracle,Legion Commander,Mirana,Leshrac,Kunkka,Lion";"Drow Ranger,Sniper,Enchantress,Medusa,Phantom Assassin,Weaver,Wraith King,Void Spirit";"Queen of Pain,Drow Ranger,Ember Spirit,Lion,Enigma,Faceless Void,Crystal Maiden,Lion,Keeper of the Light,Ancient Apparition,Bounty Hunter,Lion,Phantom Lancer,Naga Siren,Terrorblade,Tiny,Spirit Breaker,Lion,Lion";"Pugna,Anti-Mage,Centaur Warrunner,Leshrac,Mirana,Ursa";"Lion,Omniknight,Dazzle,Treant Protector,Shadow Shaman,Queen of Pain,Bane,Lion"
27;"npc_dota_hero_shadow_shaman";"Shadow Shaman";"Shadow Shaman";2;1;"/images/heroes/vertical/shadow_shaman_vert.png";2;"0,2,2,3,0,0,0,3,1";"Dragon Knight,Luna,Ogre Magi,Mirana,Morphling,Meepo,Riki,Rubick,Wraith King,Visage";"Shadow Shaman,Nyx Assassin,Bounty Hunter,Slark,Omniknight,Abaddon,Pudge,Legion Commander,Axe,Silencer,Drow Ranger,Death Prophet,Arc Warden,Anti-Mage";"Huskar,Chen,Marci,Nature's Prophet,Spirit Breaker,Templar Assassin,Terrorblade,Weaver";"Queen of Pain,Anti-Mage,Storm Spirit";"Juggernaut,Ursa,Troll Warlord,Pugna,Legion Commander ,Monkey King ";"Storm Spirit,Faceless Void,Gyrocopter,Clinkz"
28;"npc_dota_hero_slardar";"Slardar";"Slardar";0;1;"/images/heroes/vertical/slardar_vert.png";1;"2,0,0,1,0,2,1,0,2";"Abaddon,Meepo,Oracle,Phantom Lancer,Phoenix";"Medusa,Terrorblade,Tidehunter,Bloodseeker,Phantom Lancer,Naga Siren,Luna,Juggernaut";"Anti-Mage,Bounty Hunter,Clinkz,Legion Commander,Ursa,Pudge,Riki,Shadow Fiend,Weaver,Windranger";"Invoker,Invoker,Nyx Assassin,Crystal Maiden,Crystal Maiden,Mirana";"Bounty Hunter,Vengeful Spirit,Shadow Fiend,Alchemist,Lifestealer,Phantom Assassin,Templar Assassin";"Elder Titan,Anti-Mage,Tinker"
29;"npc_dota_hero_tidehunter";"Tidehunter";"Tidehunter";0;1;"/images/heroes/vertical/tidehunter_vert.png";1;"1,0,1,2,0,3,0,0,3";"Anti-Mage,Nyx Assassin,Death Prophet,Luna,Outworld Destroyer,Razor,Juggernaut,Rubick,Slark,Ursa";"";"Bane,Batrider,Jakiro,Shadow Fiend,Phantom Lancer,Windranger";"Nature's Prophet,Enigma,Luna,Phantom Lancer";"Underlord,Earthshaker,Elder Titan,Invoker,Shadow Fiend";""
30;"npc_dota_hero_witch_doctor";"Witch Doctor";"Witch Doctor";2;1;"/images/heroes/vertical/witch_doctor_vert.png";2;"0,3,2,1,0,0,0,0,0";"Faceless Void,Kunkka,Lina,Luna,Morphling,Omniknight,Oracle,Pudge,Riki,Rubick,Silencer,Tidehunter,Vengeful Spirit";"Arc Warden,Broodmother,Nature's Prophet,Windranger,Phantom Assassin";"Bloodseeker,Chen,Lone Druid,Lycan,Monkey King,Venomancer,Viper";"";"Enigma,Faceless Void,Lich,Magnus,Underlord,Undying";"Legion Commander,Shadow Shaman,Beastmaster,Treant Protector,Lina,Lion"
32;"npc_dota_hero_riki";"Riki";"Riki";1;1;"/images/heroes/vertical/riki_vert.png";1;"2,0,0,1,0,0,2,0,0";"Axe,Bounty Hunter,Bristleback,Legion Commander,Luna,Meepo,Omniknight,Razor,Slardar,Spectre,Underlord,Viper,Zeus";"Axe,Tidehunter";"Anti-Mage,Chen,Clinkz,Crystal Maiden,Drow Ranger,Lifestealer,Mars,Queen of Pain,Storm Spirit,Skywrath Mage,Sniper,Ursa,Weaver";"Crystal Maiden,Enigma,Dark Willow,Vengeful Spirit";"Faceless Void,Lifestealer,Meepo,Dark Seer,Magnus,Enigma,Axe";""
33;"npc_dota_hero_enigma";"Enigma";"Enigma";3;2;"/images/heroes/vertical/enigma_vert.png";2;"0,0,0,2,0,0,0,2,2";"Abaddon,Anti-Mage,Bloodseeker,Bristleback,Broodmother,Clinkz,Clockwerk,Doom,Huskar,Jakiro,Keeper of the Light,Luna,Medusa,Outworld Destroyer,Pudge,Pugna,Riki,Rubick,Silencer,Sniper,Spectre,Storm Spirit,Tidehunter,Tusk,Vengeful Spirit,Warlock,Winter Wyvern,Wraith King,Zeus";"Lina,Lion,Luna,Puck,Slark,Nyx Assassin,Beastmaster,Bane,Faceless Void,Magnus,Axe,Pudge,Faceless Void,Terrorblade,Ursa,Weaver,Broodmother,Slark,Abaddon,Wraith King,Lifestealer,Lina,Luna,Dawnbreaker,Jakiro,Shadow Shaman,Death Prophet,Keeper of the Light,Invoker,Leshrac,Puck";"Crystal Maiden,Juggernaut,Lifestealer,Monkey King,Omniknight,Spirit Breaker,Underlord";"Spirit Breaker,Legion Commander,Axe,Puck,Slardar";"Ancient Apparition,Axe,Crystal Maiden,Dark Seer,Dazzle,Dawnbreaker,Earthshaker,Lich,Lina,Luna,Magnus,Naga Siren,Outworld Destroyer,Phoenix,Sand King,Shadow Shaman,Skywrath Mage,Treant Protector,Warlock,Witch Doctor,Invoker";"Elder Titan,Faceless Void,Luna,Dawnbreaker,Mars,Axe,Ursa,Sven,Troll Warlord,Gyrocopter,Invoker,Kunkka"
34;"npc_dota_hero_tinker";"Tinker";"Tinker";2;2;"/images/heroes/vertical/tinker_vert.png";2;"1,0,3,0,0,0,0,2,0";"Anti-Mage,Clockwerk,Dazzle,Doom,Legion Commander,Lifestealer,Luna,Night Stalker,Nyx Assassin,Pudge,Silencer,Skywrath Mage,Slark,Storm Spirit,Vengeful Spirit,Zeus,Pugna,Kunkka";"Naga Siren,Phantom Lancer,Chaos Knight,Terrorblade,Invoker,Shadow Demon,Batrider,Tinker,Spectre";"Bloodseeker,Chaos Knight,Enchantress,Faceless Void,Phantom Assassin,Phantom Lancer,Shadow Fiend,Sniper,Terrorblade,Timbersaw,Ursa,Viper";"Crystal Maiden,Enchantress,Gyrocopter,Lion,Riki,Techies,Terrorblade,Necrophos,Invoker,Phantom Assassin,Wraith King,Huskar";"Bloodseeker,Bounty Hunter,Faceless Void,Keeper of the Light,Kunkka,Nature's Prophet,Outworld Destroyer,Shadow Demon,Slardar,Spirit Breaker";""
35;"npc_dota_hero_sniper";"Sniper";"Sniper";1;1;"/images/heroes/vertical/sniper_vert.png";2;"3,0,1,0,0,0,0,0,0";"Anti-Mage,Axe,Ember Spirit,Invoker,Lifestealer,Lina,Omniknight,Phantom Assassin,Pudge,Slardar,Spectre,Spirit Breaker,Storm Spirit,Tusk,Tinker,Viper,Weaver";"Spirit Breaker,Clockwerk,Tusk,Terrorblade,Centaur Warrunner,Legion Commander,Primal Beast,Phantom Lancer,Ember Spirit,Phantom Assassin,Ursa,Pudge,Earth Spirit,Clinkz,Riki,Bounty Hunter,Anti-Mage,Earth Spirit,Io,Nature's Prophet,Pangolier,Puck,Queen of Pain,Riki,Batrider,Disruptor,Pudge,Vengeful Spirit";"Earthshaker,Enigma,Huskar,Medusa,Silencer,Shadow Fiend,Shadow Shaman,Templar Assassin,Venomancer,Undying";"Wraith King,Kunkka,Doom,Tidehunter,Underlord,Troll Warlord,Sven,Witch Doctor,Crystal Maiden,Shadow Shaman,Pugna";"Bloodseeker,Clockwerk,Lich,Night Stalker,Ogre Magi,Venomancer,Drow Ranger";"Centaur Warrunner,Abaddon,Wraith King,Axe,Bristleback"
36;"npc_dota_hero_necrolyte";"Necrophos";"Necrophos";2;1;"/images/heroes/vertical/necrolyte_vert.png";2;"1,0,2,1,0,1,0,0,0";"Ancient Apparition,Pugna,Silencer,Nyx Assassin,Dazzle,Lina,Luna,Lion,Meepo,Oracle,Outworld Destroyer,Phantom Lancer,Rubick,Shadow Demon,Ursa,Viper,Wraith King";"Abaddon,Bane,Outworld Destroyer,Shadow Demon,Omniknight,Chaos Knight,Naga Siren,Bristleback,Spectre,Ursa,Dragon Knight";"Axe,Bristleback,Huskar,Phoenix,Pudge,Sven,Tidehunter";"Chaos Knight,Centaur Warrunner,Magnus,Queen of Pain,Storm Spirit,Timbersaw,Crystal Maiden,Witch Doctor,Warlock,Shadow Fiend,Phantom Assassin,Wraith King,Juggernaut";"Abaddon,Axe,Earthshaker,Legion Commander,Oracle,Pugna";"Lina,Lion,Shadow Fiend,Zeus,Phoenix,Enigma,Jakiro,Spectre,Alchemist"
37;"npc_dota_hero_warlock";"Warlock";"Warlock";2;1;"/images/heroes/vertical/warlock_vert.png";2;"0,1,0,1,0,0,0,0,2";"Weaver,Anti-Mage,Silencer,Dark Seer,Doom,Ember Spirit,Lycan,Rubick,Ancient Apparition,Nyx Assassin,Sven";"Chaos Knight,Spirit Breaker,Riki,Ursa,Death Prophet,Puck,Silencer";"Huskar,Meepo,Templar Assassin,Shadow Fiend,Enigma";"Huskar,Drow Ranger,Lion,Elder Titan,Crystal Maiden,Witch Doctor,Enigma,Juggernaut,Lifestealer";"Sven,Bloodseeker,Axe,Dark Seer,Kunkka,Magnus,Enigma,Silencer,Spectre";"Alchemist,Legion Commander"
38;"npc_dota_hero_beastmaster";"Beastmaster";"Beastmaster";3;2;"/images/heroes/vertical/beastmaster_vert.png";1;"0,0,1,2,0,2,0,0,2";"Abaddon,Crystal Maiden,Enchantress,Earthshaker,Keeper of the Light,Oracle,Timbersaw,Winter Wyvern";"Abaddon,Slark,Oracle,Weaver,Morphling,Medusa,Storm Spirit,Magnus,Pangolier";"Monkey King,Phoenix,Sven,Templar Assassin,Tinker,Tiny,Troll Warlord,Ursa,Wraith King";"Storm Spirit,Ember Spirit,Queen of Pain";"Lifestealer,Nature's Prophet,Phantom Assassin,Spirit Breaker,Sven,Tinker,Tiny,Underlord,Ursa";"Pudge,Mirana,Ancient Apparition,Invoker"
39;"npc_dota_hero_queenofpain";"Queen of Pain";"Queen of Pain";2;2;"/images/heroes/vertical/queenofpain_vert.png";2;"1,0,3,0,0,0,3,0,0";"Anti-Mage,Arc Warden,Axe,Bloodseeker,Centaur Warrunner,Death Prophet,Disruptor,Faceless Void,Kunkka,Legion Commander,Luna,Lina,Meepo,Night Stalker,Nyx Assassin,Puck,Shadow Shaman,Silencer,Skywrath Mage,Rubick,Mirana ";"";"Batrider,Drow Ranger,Enchantress,Windranger,Huskar,Slark,Storm Spirit";"Storm Spirit,Puck";"Axe,Dark Seer,Enigma,Faceless Void,Lifestealer,Magnus,Omniknight";"Tidehunter,Earthshaker,Sand King"
40;"npc_dota_hero_venomancer";"Venomancer";"Venomancer";3;1;"/images/heroes/vertical/venomancer_vert.png";2;"0,2,1,1,0,0,0,1,1";"Abaddon,Anti-Mage,Huskar,Legion Commander,Oracle,Rubick,Slark,Terrorblade,Underlord,Wraith King";"Sniper,Slardar,Templar Assassin,Arc Warden,Chen,Clinkz,Drow Ranger,Lina,Mirana,Nature's Prophet,Pugna,Sniper";"Axe,Earthshaker,Magnus,Mars,Monkey King,Spectre,Templar Assassin,Techies,Windranger";"";"Ancient Apparition,Undying,Viper";"Spectre,Bloodseeker,Weaver,Nature's Prophet,Zeus"
41;"npc_dota_hero_faceless_void";"Faceless Void";"Faceless Void";1;2;"/images/heroes/vertical/faceless_void_vert.png";1;"2,0,0,2,0,1,1,0,3";"Abaddon,Brewmaster,Chaos Knight,Dawnbreaker,Dazzle,Earth Spirit,Monkey King,Kunkka,Grimstroke,Night Stalker,Omniknight,Phoenix,Pudge,Shadow Demon,Silencer,Vengeful Spirit";"Axe,Centaur Warrunner,Doom,Axe,Abaddon,Razor,Keeper of the Light,Winter Wyvern,Outworld Destroyer,Shadow Demon,Earth Spirit,Dazzle,Oracle,Abaddon,Sniper,Skywrath Mage";"Anti-Mage,Lifestealer,Bloodseeker,Bristleback,Invoker,Juggernaut,Mars,Morphling,Necrophos,Puck,Queen of Pain,Razor,Rubick,Slark,Storm Spirit,Weaver,Windranger";"Bounty Hunter,Clinkz,Mirana,Nyx Assassin,Riki,Drow Ranger,Luna,Sniper,Terrorblade";"Dark Seer,Disruptor,Enigma,Invoker,Jakiro,Kunkka,Lich,Outworld Destroyer,Phoenix,Sniper,Witch Doctor";"Ember Spirit"
42;"npc_dota_hero_skeleton_king";"Wraith King";"Wraith King";0;1;"/images/heroes/vertical/skeleton_king_vert.png";1;"2,1,0,2,0,3,0,0,1";"Anti-Mage,Broodmother,Chaos Knight,Juggernaut,Invoker,Lion,Luna,Monkey King,Phantom Lancer,Riki,Slark,Terrorblade,Weaver";"Meepo,Broodmother,Naga Siren,Brewmaster,Oracle";"Bloodseeker,Doom,Legion Commander,Necrophos,Rubick,Techies,Witch Doctor";"";"Bloodseeker,Ogre Magi";"Beastmaster,Vengeful Spirit"
43;"npc_dota_hero_death_prophet";"Death Prophet";"Death Prophet";2;1;"/images/heroes/vertical/death_prophet_vert.png";2;"1,0,1,1,0,0,0,3,0";"Ancient Apparition,Anti-Mage,Doom,Legion Commander,Omniknight,Shadow Fiend";"Riki,Lina,Lion,Puck,Morphling";"Bounty Hunter,Clockwerk,Chen,Invoker,Morphling,Timbersaw,Nature's Prophet";"Anti-Mage,Queen of Pain,Phantom Assassin,Zeus,Pugna,Axe,Terrorblade,Morphling,Dragon Knight";"Enigma,Faceless Void,Keeper of the Light,Sven";"Dazzle,Oracle,Lycan,Lone Druid,Chen,Enchantress"
44;"npc_dota_hero_phantom_assassin";"Phantom Assassin";"Phantom Assassin";1;1;"/images/heroes/vertical/phantom_assassin_vert.png";1;"3,0,0,0,0,0,1,0,0";"Axe,Bane,Batrider,Broodmother,Centaur Warrunner,Hoodwink,Lina,Luna,Omniknight,Phoenix,Puck,Razor,Slark,Skywrath Mage,Spectre,Timbersaw,Troll Warlord,Underlord,Windranger";"Lone Druid,Tidehunter,Viper,Axe,Bane,Dawnbreaker,Centaur Warrunner,Luna,Medusa,Omniknight,Pudge,Razor,Terrorblade,Underlord,Lina,Necrophos,Nyx Assassin,Gyrocopter,Jakiro,Death Prophet,Axe,Viper,Meepo,Jakiro,Pugna,Slark,Venomancer,Axe,Enigma,Vengeful Spirit,Doom,Bane,Beastmaster,Pudge,Medusa,Warlock,Doom,Shadow Demon,Doom,Disruptor,Dazzle,Broodmother,Phantom Lancer,Chaos Knight,Lycan,Naga Siren,Shadow Shaman,Visage,Nature's Prophet,Terrorblade,Warlock,Wraith King";"Anti-Mage,Crystal Maiden,Dazzle,Lifestealer,Nature's Prophet,Riki,Sniper";"Lina,Witch Doctor,Ursa,Terrorblade,Lifestealer";"Ancient Apparition,Beastmaster,Magnus,Omniknight,Slardar,Vengeful Spirit";"Shadow Fiend,Dazzle,Lion,Bane,Pudge"
45;"npc_dota_hero_pugna";"Pugna";"Pugna";2;2;"/images/heroes/vertical/pugna_vert.png";2;"0,0,2,0,0,0,0,2,0";"Anti-Mage,Clockwerk,Chaos Knight,Earth Spirit,Luna,Nyx Assassin,Oracle,Phantom Lancer,Puck,Sniper,Storm Spirit,Ursa";"";"Enchantress,Enigma,Juggernaut,Keeper of the Light,Timbersaw,Leshrac,Legion Commander,Shadow Fiend,Faceless Void,Invoker,Skywrath Mage,Troll Warlord,Dazzle";"Phantom Assassin,Riki,Wraith King,Juggernaut,Skywrath Mage,Lina,Lion,Invoker";"Grimstroke,Io,Legion Commander,Necrophos,Medusa,Phoenix,Skywrath Mage,Shadow Shaman";"Invoker,Lina,Lion,Tinker,Zeus,Clockwerk,Disruptor,Magnus,Tusk,Warlock,Leshrac,Ogre Magi,Pudge,Shadow Fiend,Timbersaw,Bristleback,Storm Spirit"
46;"npc_dota_hero_templar_assassin";"Templar Assassin";"Templar Assassin";1;2;"/images/heroes/vertical/templar_assassin_vert.png";2;"2,0,0,0,0,0,1,0,0";"Ember Spirit,Venomancer,Windranger,Bounty Hunter,Leshrac,Phantom Lancer,Phoenix,Batrider,Viper,Dragon Knight,Sniper,Pudge,Huskar,Razor,Terrorblade,Pugna";"Meepo,Witch Doctor,Lycan,Enigma,Shadow Shaman,Phantom Lancer,Chaos Knight,Naga Siren,Slark,Gyrocopter,Queen of Pain,Shadow Shaman,Jakiro,Pugna,Doom,Leshrac,Puck,Tiny,Jakiro,Slardar,Bounty Hunter,Zeus,Earth Spirit,Spirit Breaker,Tusk,Bounty Hunter,Riki,Warlock";"Lina,Shadow Fiend,Skywrath Mage,Zeus,Puck,Timbersaw";"Silencer,Crystal Maiden,Warlock,Ancient Apparition,Grimstroke,Witch Doctor,Sniper,Drow Ranger,Clinkz,Lich,Lina,Sniper,Outworld Destroyer,Zeus,Sven,Phantom Assassin,Ursa,Wraith King,Lifestealer";"Slardar,Elder Titan";"Shadow Fiend,Dazzle,Tidehunter,Slardar,Bounty Hunter,Sven,Oracle,Nature's Prophet,Earthshaker"
47;"npc_dota_hero_viper";"Viper";"Viper";1;1;"/images/heroes/vertical/viper_vert.png";2;"1,0,0,1,0,2,0,0,1";"Bane,Broodmother,Chaos Knight,Keeper of the Light,Invoker,Morphling,Lifestealer,Luna,Phantom Lancer,Pugna,Rubick,Terrorblade,Weaver,Windranger,Wraith King";"Bane,Enigma,Shadow Shaman,Warlock,Dark Seer,Lycan,Naga Siren,Phantom Lancer,Beastmaster,Lion,Anti-Mage,Clinkz,Pugna,Nature's Prophet,Dark Seer,Lycan,Tusk";"Abaddon,Axe,Bristleback,Dragon Knight,Earthshaker,Huskar,Magnus,Mars,Monkey King,Puck,Necrophos,Nyx Assassin,Razor,Slark,Spectre,Templar Assassin,Tidehunter,Vengeful Spirit,Venomancer,Visage,Zeus";"Treant Protector,Kunkka,Alchemist,Troll Warlord,Wraith King,Tiny,Sven";"Abaddon,Beastmaster,Clockwerk,Crystal Maiden,Dark Seer,Dazzle,Drow Ranger,Earth Spirit,Faceless Void,Lich,Luna,Necrophos,Ogre Magi,Slardar,Treant Protector";"Pudge,Witch Doctor,Oracle,Sniper,Dark Willow,Tinker,Weaver,Pugna,Skywrath Mage,Elder Titan,Dark Seer,Ogre Magi"
48;"npc_dota_hero_luna";"Luna";"Luna";1;1;"/images/heroes/vertical/luna_vert.png";2;"2,0,2,0,0,0,0,1,0";"Ancient Apparition,Bristleback,Jakiro,Juggernaut,Lina,Medusa,Meepo,Phantom Lancer,Pudge,Rubick,Sand King,Slark,Shadow Demon,Zeus";"Faceless Void,Legion Commander,Doom,Drow Ranger,Sniper,Phantom Lancer,Slark,Chaos Knight,Phantom Assassin,Spectre,Shadow Demon,Phantom Lancer,Naga Siren,Chaos Knight,Terrorblade,Nature's Prophet,Lone Druid,Chen,Enchantress,Meepo,Arc Warden,Mirana,Lina,Necrophos,Death Prophet,Juggernaut,Riki,Clockwerk,Drow Ranger,Abaddon,Faceless Void,Weaver,Outworld Destroyer,Sven,Shadow Shaman,Slark,Storm Spirit,Weaver,Meepo,Phantom Assassin,Riki,Ursa";"Anti-Mage,Arc Warden,Bane,Bounty Hunter,Centaur Warrunner,Crystal Maiden,Chen,Earthshaker,Enchantress,Enigma,Io,Legion Commander,Lifestealer,Magnus,Mirana,Muerta,Omniknight,Naga Siren,Nature's Prophet,Necrophos,Nyx Assassin,Phantom Assassin,Pugna,Queen of Pain,Riki,Shadow Fiend,Shadow Shaman,Spirit Breaker,Terrorblade,Tidehunter,Tinker,Underlord,Undying,Viper,Visage,Winter Wyvern,Wraith King";"Monkey King,Alchemist,Timbersaw,Spectre,Shadow Demon,Phantom Lancer,Naga Siren,Chaos Knight,Terrorblade,Nature's Prophet,Lone Druid,Chen,Enchantress,Meepo,Arc Warden,Queen of Pain,Riki,Phantom Assassin,Faceless Void,Slark,Centaur Warrunner,Windranger,Phantom Assassin,Hoodwink,Enigma,Witch Doctor,Shadow Shaman,Lion,Bane,Pudge,Crystal Maiden,Pugna,Dawnbreaker,Naga Siren";"Abaddon,Alchemist,Ancient Apparition,Anti-Mage,Axe,Bane,Batrider,Bloodseeker,Bounty Hunter,Bristleback,Broodmother,Clinkz,Crystal Maiden,Dark Seer,Dawnbreaker,Dazzle,Death Prophet,Disruptor,Drow Ranger,Elder Titan,Ember Spirit,Enchantress,Enigma,Faceless Void,Gyrocopter,Hoodwink,Huskar,Jakiro,Keeper of the Light,Legion Commander,Lifestealer,Lina,Lycan,Mars,Medusa,Meepo,Monkey King,Naga Siren,Nature's Prophet,Necrophos,Night Stalker,Omniknight,Oracle,Pangolier,Phoenix,Pudge,Pugna,Queen of Pain,Razor,Riki,Sand King,Shadow Demon,Shadow Fiend,Shadow Shaman,Slark,Snapfire,Spectre,Spirit Breaker,Sven,Treant Protector,Venomancer,Vengeful Spirit,Visage,Void Spirit,Weaver,Wraith King,Zeus";"Crystal Maiden,Shadow Shaman,Rubick,Earthshaker,Sven,Alchemist,Bane,Outworld Destroyer,Shadow Demon,Pudge,Bristleback,Hoodwink,Lion,Nyx Assassin,Ogre Magi,Grimstroke,Doom,Omniknight,Io,Phoenix,Dazzle,Warlock,Enchantress,Abaddon,Winter Wyvern,Necrophos,Oracle,Dawnbreaker,Treant Protector,Witch Doctor,Slardar,Drow Ranger,Pugna,Bloodseeker,Shadow Fiend,Shadow Demon,Ancient Apparition,Elder Titan,Lina,Pugna,Jakiro,Keeper of the Light,Broodmother,Naga Siren,Shadow Shaman,Death Prophet,Lycan,Visage,Razor,Venomancer,Meepo,Enigma,Chaos Knight,Nature's Prophet,Warlock,Phantom Lancer,Terrorblade,Razor,Viper,Clockwerk,Weaver,Ursa,Mirana,Leshrac,Bloodseeker,Hoodwink,Jakiro,Troll Warlord,Earthshaker,Axe,Sven,Tidehunter,Mars,Faceless Void,Sand King,Spectre,Enigma,Dawnbreaker,Lina,Naga Siren,Shadow Fiend,Death Prophet,Elder Titan,Shadow Shaman,Dark Seer,Monkey King,Omniknight,Batrider,Disruptor,Snapfire,Void Spirit,Ember Spirit,Earth Spirit,Storm Spirit,Pangolier,Grimstroke,Crystal Maiden,Magnus,Earthshaker,Axe,Sven,Tidehunter,Mars,Faceless Void,Dawnbreaker,Weaver,Sand King,Bounty Hunter,Riki,Slark,Clockwerk,Legion Commander,Templar Assassin,Enigma,Spectre,Batrider,Alchemist,Ursa,Disruptor,Pangolier,Night Stalker,Void Spirit,Ember Spirit,Earth Spirit,Storm Spirit,Mirana,Anti-Mage,Magnus,Phantom Assassin"
49;"npc_dota_hero_dragon_knight";"Dragon Knight";"Dragon Knight";0;1;"/images/heroes/vertical/dragon_knight_vert.png";1;"2,0,1,2,0,2,0,3,1";"Ancient Apparition,Bristleback,Drow Ranger,Anti-Mage,Lich,Necrophos,Ursa,Outworld Destroyer,Razor,Timbersaw,Viper";"Venomancer,Slardar,Shadow Fiend,Huskar,Elder Titan";"Bloodseeker,Clinkz,Nyx Assassin,Riki,Spirit Breaker,Templar Assassin,Phantom Lancer,Witch Doctor";"Broodmother,Phantom Assassin,Bloodseeker,Lifestealer,Troll Warlord,Sven";"Chen,Crystal Maiden,Enigma,Magnus,Medusa,Treant Protector,Vengeful Spirit";""
50;"npc_dota_hero_dazzle";"Dazzle";"Dazzle";3;1;"/images/heroes/vertical/dazzle_vert.png";2;"0,3,1,1,0,0,0,0,0";"Ancient Apparition,Axe,Anti-Mage,Naga Siren,Outworld Destroyer,Phantom Lancer,Pugna,Silencer,Doom";"Bloodseeker,Zeus,Invoker,Clockwerk,Lina,Lion";"Clockwerk,Necrophos,Io,Lone Druid,Terrorblade,Venomancer";"Chaos Knight";"Brewmaster,Broodmother,Huskar,Meepo,Naga Siren,Phantom Lancer";"Nature's Prophet,Lycan,Beastmaster,Chen,Enchantress,Phantom Lancer,Chaos Knight,Naga Siren,Terrorblade,Shadow Demon,Templar Assassin,Slardar,Alchemist"
51;"npc_dota_hero_rattletrap";"Clockwerk";"Clockwerk";3;2;"/images/heroes/vertical/rattletrap_vert.png";1;"0,0,1,2,0,1,0,0,3";"Anti-Mage,Chen,Clinkz,Dazzle,Death Prophet,Disruptor,Ember Spirit,Huskar,Juggernaut,Lifestealer,Morphling,Omniknight,Phantom Lancer,Phoenix,Queen of Pain,Terrorblade,Ursa,Visage";"Vengeful Spirit,Ancient Apparition,Skywrath Mage,Faceless Void,Terrorblade,Ursa,Weaver,Broodmother,Slark,Abaddon,Wraith King,Lifestealer";"Earthshaker,Enigma,Drow Ranger,Legion Commander,Monkey King,Pudge,Pugna,Sniper,Spirit Breaker,Tinker,Windranger";"Centaur Warrunner,Jakiro,Leshrac,Naga Siren,Underlord";"Dark Seer,Invoker,Lifestealer,Mirana,Shadow Demon";"Bloodseeker,Tiny,Crystal Maiden,Enigma,Jakiro,Skywrath Mage,Gyrocopter,Elder Titan,Snapfire"
52;"npc_dota_hero_leshrac";"Leshrac";"Leshrac";2;1;"/images/heroes/vertical/leshrac_vert.png";2;"1,1,3,1,0,0,0,3,0";"Pugna,Anti-Mage,Clockwerk,Lifestealer,Nyx Assassin,Oracle";"Juggernaut,Pangolier,Huskar";"Meepo,Visage,Chen,Broodmother,Io,Shadow Demon,Phantom Lancer";"Nature's Prophet,Lycan,Beastmaster";"Dark Seer,Enigma,Io,Magnus,Oracle";"Faceless Void,Puck"
53;"npc_dota_hero_furion";"Nature's Prophet";"Nature's Prophet";2;2;"/images/heroes/vertical/furion_vert.png";2;"1,0,1,0,0,0,1,3,0";"Batrider,Broodmother,Clockwerk,Dawnbreaker,Death Prophet,Doom,Earthshaker,Elder Titan,Ember Spirit,Faceless Void,Jakiro,Lina,Luna,Meepo,Naga Siren,Sand King,Shadow Shaman,Spectre,Spirit Breaker,Storm Spirit,Timbersaw,Tinker,Underlord,Visage";"Legion Commander,Alchemist,Io,Lina,Keeper of the Light,Timbersaw,Leshrac,Bristleback,Axe,Riki,Clinkz,Nyx Assassin,Sven,Magnus,Kunkka,Bounty Hunter,Slardar,Spectre,Zeus,Spirit Breaker";"Lich,Monkey King,Treant Protector,Venomancer,Weaver";"Sven,Alchemist,Lifestealer";"Tiny,Skywrath Mage,Bloodseeker,Invoker,Windranger,Timbersaw,Riki,Mars,Zeus";"Beastmaster,Bounty Hunter,Nyx Assassin,Spirit Breaker,Treant Protector"
54;"npc_dota_hero_life_stealer";"Lifestealer";"Lifestealer";0;2;"/images/heroes/vertical/life_stealer_vert.png";1;"2,0,0,1,0,2,1,0,0";"Windranger,Razor,Enigma,Luna,Bane,Ancient Apparition,Chaos Knight,Clinkz,Terrorblade,Phantom Lancer,Slark,Troll Warlord,Ursa,Weaver";"Bristleback,Clinkz,Luna,Shadow Fiend,Slardar,Terrorblade,Chaos Knight,Naga Siren,Phantom Lancer,Terrorblade,Lycan,Broodmother,Visage,Nature's Prophet,Warlock,Dragon Knight,Anti-Mage,Dark Seer,Slark,Storm Spirit,Windranger,Weaver,Ursa,Phantom Assassin,Troll Warlord";"Crystal Maiden,Undying,Dark Willow,Invoker,Centaur Warrunner,Techies,Tinker,Ogre Magi,Nyx Assassin,Silencer,Axe";"Keeper of the Light,Lina,Lion,Zeus,Ursa,Phantom Assassin,Terrorblade,Troll Warlord";"Clockwerk,Oracle,Marci,Dark Seer,Grimstroke,Disruptor,Queen of Pain,Riki,Slardar,Spirit Breaker,Storm Spirit,Sand King";""
55;"npc_dota_hero_dark_seer";"Dark Seer";"Dark Seer";3;1;"/images/heroes/vertical/dark_seer_vert.png";1;"0,0,0,1,0,0,1,0,1";"Anti-Mage,Bloodseeker,Ember Spirit,Kunkka,Rubick,Oracle,Sniper";"Disruptor,Slark,Weaver,Queen of Pain";"Broodmother,Chen,Templar Assassin,Treant Protector,Meepo,Terrorblade,Venomancer";"Beastmaster,Broodmother,Enigma,Nature's Prophet,Visage,Warlock,Wraith King,Phantom Lancer,Chaos Knight,Naga Siren,Terrorblade,Phantom Assassin,Windranger,Hoodwink";"Bounty Hunter,Elder Titan,Enigma,Riki,Sven,Venomancer";""
56;"npc_dota_hero_clinkz";"Clinkz";"Clinkz";1;2;"/images/heroes/vertical/clinkz_vert.png";2;"2,0,0,0,0,0,3,1,0";"Bloodseeker,Bounty Hunter,Doom,Enchantress,Lion,Morphling,Slardar,Spectre,Spirit Breaker,Treant Protector,Winter Wyvern,Zeus";"Brewmaster,Dazzle,Tidehunter,Dragon Knight,Phantom Assassin,Riki,Tinker";"Anti-Mage,Ember Spirit,Huskar,Nature's Prophet,Viper";"Windranger,Phantom Assassin,Troll Warlord,Keeper of the Light";"Drow Ranger,Omniknight,Vengeful Spirit";"Faceless Void,Beastmaster,Bane"
57;"npc_dota_hero_omniknight";"Omniknight";"Omniknight";0;1;"/images/heroes/vertical/omniknight_vert.png";1;"0,2,1,0,0,1,0,0,0";"Brewmaster,Doom,Enchantress,Invoker,Jakiro,Lina,Luna,Naga Siren,Oracle,Outworld Destroyer,Rubick,Silencer,Sven";"Lich,Ancient Apparition,Jakiro,Disruptor,Viper,Venomancer,Clinkz,Lion,Anti-Mage,Nyx Assassin,Invoker,Shadow Demon,Oracle";"Axe,Chaos Knight,Death Prophet,Faceless Void,Juggernaut,Legion Commander,Phantom Assassin,Winter Wyvern";"Phantom Assassin,Juggernaut,Dragon Knight,Lycan,Ursa,Troll Warlord";"Clockwerk,Crystal Maiden,Keeper of the Light,Pudge,Storm Spirit";"Anti-Mage,Queen of Pain,Phantom Assassin,Earth Spirit"
58;"npc_dota_hero_enchantress";"Enchantress";"Enchantress";2;2;"/images/heroes/vertical/enchantress_vert.png";2;"0,2,0,1,0,1,0,2,0";"Doom,Broodmother,Crystal Maiden,Juggernaut,Lina,Luna,Meepo,Nyx Assassin,Riki,Timbersaw,Troll Warlord,Venomancer,Warlock,Windranger,Zeus";"Bane,Lich,Lion,Skywrath Mage,Slark,Queen of Pain,Anti-Mage,Clockwerk,Snapfire,Spirit Breaker,Techies,Doom,Shadow Demon,Viper,Shadow Shaman,Weaver,Dark Seer,Lycan,Centaur Warrunner";"Chaos Knight,Chen,Ember Spirit,Lycan,Omniknight,Spirit Breaker,Lifestealer,Sven,Beastmaster,Ursa";"Sniper,Drow Ranger,Mirana,Faceless Void,Magnus";"Jakiro,Legion Commander,Lich,Io,Warlock";"Bristleback,Treant Protector"
59;"npc_dota_hero_huskar";"Huskar";"Huskar";0;1;"/images/heroes/vertical/huskar_vert.png";2;"2,0,0,0,0,2,0,0,1";"Abaddon,Alchemist,Ancient Apparition,Axe,Bristleback,Chaos Knight,Enchantress,Bloodseeker,Lina,Juggernaut,Lifestealer,Naga Siren,Shadow Demon,Sniper,Slardar,Ursa,Viper,Windranger,Necrophos";"Legion Commander,Faceless Void,Troll Warlord,Phantom Assassin,Weaver,Dazzle,Bristleback,Vengeful Spirit,Outworld Destroyer,Silencer,Phantom Lancer,Anti-Mage,Arc Warden,Chaos Knight,Axe,Necrophos,Doom,Shadow Demon,Viper,Lion,Lina,Skywrath Mage,Nyx Assassin";"Anti-Mage,Lone Druid,Zeus,Weaver,Clockwerk,Dragon Knight,Earthshaker,Ember Spirit,Nature's Prophet,Phoenix";"Lich,Crystal Maiden,Silencer,Keeper of the Light,Venomancer,Monkey King";"Ancient Apparition,Beastmaster,Dazzle,Dawnbreaker,Necrophos,Omniknight,Oracle,Pugna,Terrorblade,Tiny,Witch Doctor";"Lich,Sven"
60;"npc_dota_hero_night_stalker";"Night Stalker";"Night Stalker";0;1;"/images/heroes/vertical/night_stalker_vert.png";1;"1,0,1,2,0,2,0,0,2";"Chaos Knight,Lycan,Naga Siren,Phantom Lancer,Sven,Troll Warlord";"Phoenix,Bloodseeker,Dragon Knight,Mars,Centaur Warrunner,Terrorblade,Beastmaster,Broodmother,Batrider,Juggernaut,Ursa,Monkey King,Razor,Leshrac,Shadow Demon,Pugna,Death Prophet";"Storm Spirit,Puck,Clinkz,Earthshaker,Keeper of the Light,Tinker,Riki,Slark";"Gyrocopter,Ursa,Drow Ranger,Lich,Crystal Maiden,Lion,Spectre,Nyx Assassin,Clockwerk,Spirit Breaker,Omniknight,Pudge,Zeus,Lina,Crystal Maiden";"Oracle,Luna,Magnus";"Medusa,Elder Titan,Ogre Magi,Medusa,Dragon Knight,Wraith King,Bounty Hunter,Luna,Lycan,Slark"
61;"npc_dota_hero_broodmother";"Broodmother";"Broodmother";3;2;"/images/heroes/vertical/broodmother_vert.png";1;"1,0,1,0,0,0,3,3,0";"Alchemist,Axe,Ancient Apparition,Bristleback,Dark Seer,Dragon Knight,Earthshaker,Elder Titan,Ember Spirit,Kunkka,Legion Commander,Lina,Meepo,Necrophos,Pangolier,Sand King,Shadow Fiend,Storm Spirit,Sven,Tidehunter,Timbersaw,Void Spirit";"Earthshaker,Legion Commander,Grimstroke";"Bane,Bounty Hunter,Chen,Drow Ranger,Enchantress,Enigma,Medusa,Mirana,Nature's Prophet,Phantom Assassin,Sniper,Treant Protector";"Shadow Shaman,Visage,Dazzle,Rubick,Lich,Sniper,Phantom Assassin,Nyx Assassin,Bane,Visage,Bounty Hunter,Phantom Assassin,Nyx Assassin,Mirana,Bounty Hunter,Templar Assassin,Riki,Spirit Breaker,Anti-Mage,Tusk,Ursa,Nature's Prophet,Enigma,Void Spirit,Magnus";"Beastmaster,Dazzle,Lifestealer,Luna,Naga Siren";"Alchemist,Medusa,Spectre"
62;"npc_dota_hero_bounty_hunter";"Bounty Hunter";"Bounty Hunter";1;1;"/images/heroes/vertical/bounty_hunter_vert.png";1;"0,0,1,0,0,0,2,0,0";"Anti-Mage,Bloodseeker,Broodmother,Death Prophet,Rubick,Slardar,Spectre,Spirit Breaker,Venomancer,Viper,Zeus";"Abaddon,Wraith King,Anti-Mage,Storm Spirit,Bristleback,Slark,Night Stalker,Abaddon,Huskar,Juggernaut,Legion Commander,Lifestealer,Naga Siren,Omniknight,Oracle,Phantom Lancer,Slark,Ursa,Weaver,Tidehunter";"Sniper,Nyx Assassin,Shadow Fiend,Pudge,Templar Assassin";"";"Invoker,Nature's Prophet,Tinker,Spectre,Zeus";""
63;"npc_dota_hero_weaver";"Weaver";"Weaver";1;2;"/images/heroes/vertical/weaver_vert.png";2;"2,0,0,0,0,0,3,0,0";"Axe,Bloodseeker,Drow Ranger,Faceless Void,Night Stalker,Nyx Assassin,Rubick,Skywrath Mage,Slardar,Spirit Breaker,Zeus";"Bounty Hunter,Silencer,Riki,Lion,Legion Commander,Shadow Shaman,Bane,Techies,Earthshaker";"Ancient Apparition,Brewmaster,Lifestealer,Undying,Pudge,Sven,Ursa,Wraith King";"Lich,Warlock,Omniknight,Lich,Wraith King,Necrophos,Doom,Anti-Mage,Arc Warden,Dark Seer";"Crystal Maiden,Alchemist,Vengeful Spirit";""
64;"npc_dota_hero_jakiro";"Jakiro";"Jakiro";2;1;"/images/heroes/vertical/jakiro_vert.png";2;"0,1,2,1,0,0,0,2,0";"Anti-Mage,Clockwerk,Lifestealer,Oracle,Outworld Destroyer,Rubick,Skywrath Mage";"";"Axe,Bane,Batrider,Bristleback,Broodmother,Chen,Chaos Knight,Crystal Maiden,Dark Willow,Enigma,Io,Lion,Luna,Meepo,Naga Siren,Nature's Prophet,Phantom Lancer,Puck,Pugna,Riki,Shadow Fiend,Silencer,Templar Assassin,Terrorblade,Tinker,Tiny,Treant Protector,Weaver,Witch Doctor";"Morphling,Naga Siren,Spectre,Phantom Assassin,Windranger,Riki,Troll Warlord,Keeper of the Light,Terrorblade,Naga Siren,Chaos Knight,Phantom Lancer,Broodmother,Nature's Prophet,Lycan,Wraith King,Visage,Crystal Maiden,Dawnbreaker,Enigma,Pudge,Shadow Fiend,Shadow Shaman,Warlock";"Dark Seer,Enchantress,Faceless Void,Kunkka,Magnus,Shadow Demon,Skywrath Mage,Treant Protector,Witch Doctor";"Clockwerk,disruptor,tusk"
65;"npc_dota_hero_batrider";"Batrider";"Batrider";3;2;"/images/heroes/vertical/batrider_vert.png";2;"0,0,0,2,0,0,1,0,3";"Abaddon,Kunkka,Legion Commander,Nyx Assassin,Oracle,Tidehunter,Ursa,Invoker,Queen of Pain,Vengeful Spirit,Venomancer,Weaver,Slark";"Shadow Demon,Outworld Destroyer,Tusk,Death Prophet,Death Prophet";"Arc Warden,Chen,Ember Spirit,Io,Meepo,Monkey King,Naga Siren,Techies,Templar Assassin,Treant Protector,Tusk,Outworld Destroyer,Windranger";"Lion,Sven,Ancient Apparition,Shadow Demon";"Bloodseeker,Ursa,Pugna,Skywrath Mage,Pudge";"Lina,Lion,Mirana"
66;"npc_dota_hero_chen";"Chen";"Chen";3;3;"/images/heroes/vertical/chen_vert.png";2;"0,2,0,0,0,0,0,2,0";"Ancient Apparition,Bounty Hunter,Clinkz,Crystal Maiden,Enchantress,Earthshaker,Enigma,Legion Commander,Sven,Dawnbreaker,Lina,Luna,Medusa,Monkey King,Dazzle,Huskar,Venomancer,Jakiro,Sand King,Timbersaw,Doom,Lifestealer,Necrophos,Weaver,Death Prophet,Dark Seer,Vengeful Spirit,Broodmother,Outworld Destroyer,Ursa,Pugna,Shadow Fiend,Spectre,Alchemist,Razor,Naga Siren,Shadow Shaman,Phoenix,Elder Titan,Batrider,Witch Doctor,Rubick,Axe,Underlord,Bane,Lycan,Visage,Beastmaster,Techies";"Magnus,Jakiro,Shadow Fiend,Kunkka,Luna,Dragon Knight,Medusa,Alchemist,Bane,Ember Spirit,Leshrac,Lina,Luna,Nyx Assassin,Phantom Assassin,Skywrath Mage,Tinker,Ursa,Void Spirit,Terrorblade,Phantom Lancer,Chaos Knight,Broodmother,Naga Siren,Lycan,Visage,Beastmaster,Warlock,Wraith King,Nyx Assassin,Weaver,Bounty Hunter,Riki,Lifestealer,Doom,Mirana,Clinkz,Phantom Assassin,Windranger,Hoodwink,Riki,Tusk,Clinkz,Sniper,Slark,Phantom Assassin,Void Spirit,Storm Spirit,Ember Spirit,Earth Spirit,Spirit Breaker,Jakiro,Venomancer,Viper,Dazzle,Phoenix,Lina,Luna,Techies,Shadow Fiend,Pugna,Nyx Assassin,Enigma,Witch Doctor,Shadow Shaman,Lion,Bane,Pudge,Crystal Maiden,Pugna,Dawnbreaker,Naga Siren";"Arc Warden,Clockwerk,Pudge";"Terrorblade";"Vengeful Spirit,Lycan";"Lion,Shadow Shaman"
67;"npc_dota_hero_spectre";"Spectre";"Spectre";1;2;"/images/heroes/vertical/spectre_vert.png";1;"3,0,0,0,0,1,1,0,0";"Anti-Mage,Dawnbreaker,Doom,Juggernaut,Lifestealer,Lion,Lycan,Meepo,Necrophos,Omniknight,Phantom Lancer,Pugna,Riki,Shadow Shaman,Storm Spirit,Terrorblade,Troll Warlord,Undying,Venomancer,Viper,Winter Wyvern";"Disruptor,Dark Seer,Slardar,Slark,Clinkz,Weaver";"Ancient Apparition,Clinkz,Crystal Maiden,Drow Ranger,Earthshaker,Lina,Magnus,Nature's Prophet,Oracle,Phantom Assassin,Rubick,Sniper,Tinker,Windranger,Zeus";"Drow Ranger,Sniper,Dazzle,Shadow Shaman,Bounty Hunter,Riki,Crystal Maiden,Chen";"Bloodseeker,Bounty Hunter,Chen,Clockwerk,Earthshaker,Enigma,Leshrac,Magnus,Outworld Destroyer,Treant Protector,Warlock,Pudge";"Dazzle,Shadow Shaman,Shadow Demon,Io,Nature's Prophet,Ancient Apparition,Zeus,Skywrath Mage,Lina"
69;"npc_dota_hero_doom_bringer";"Doom";"Doom";0;2;"/images/heroes/vertical/doom_bringer_vert.png";1;"1,0,1,2,0,2,0,0,2";"Centaur Warrunner,Drow Ranger,Lifestealer,Lone Druid,Medusa,Necrophos,Phantom Lancer,Sniper,Viper,Wraith King";"Weaver,Morphling,Medusa,Terrorblade";"Alchemist,Axe,Timbersaw,Anti-Mage,Bristleback,Tidehunter,Ember Spirit,Invoker,Mirana,Omniknight,Tinker,Elder Titan,Faceless Void,Pudge,Spectre,Windranger,Arc Warden";"Dazzle,Oracle,Warlock,Lone Druid,Meepo,Phantom Assassin,Enchantress,Huskar,Underlord,Chen,Dazzle,Io,Oracle,Omniknight,Witch Doctor,Winter Wyvern,Abaddon";"Crystal Maiden,Grimstroke,Sven,Bane";""
68;"npc_dota_hero_ancient_apparition";"Ancient Apparition";"Ancient Apparition";2;2;"/images/heroes/vertical/ancient_apparition_vert.png";2;"0,2,1,1,0,0,0,0,0";"Anti-Mage,Brewmaster,Riki,Lycan,Mirana,Oracle,Phantom Lancer,Phoenix,Terrorblade,Viper,Void Spirit,Weaver";"Invoker,Silencer,Nyx Assassin,Skywrath Mage,Shadow Shaman,Lion,Riki,Queen of Pain,Phantom Assassin,Windranger,Bounty Hunter,Spirit Breaker,Night Stalker,Storm Spirit,Juggernaut,Phantom Assassin,Clinkz";"Abaddon,Alchemist,Chen,Crystal Maiden,Dazzle,Death Prophet,Huskar,Io,Morphling,Snapfire,Winter Wyvern";"Slark,Witch Doctor,Timbersaw,Bristleback,Dragon Knight";"Bloodseeker,Faceless Void,Meepo,Necrophos,Oracle,Shadow Demon,Slark,Venomancer,Winter Wyvern";"Legion Commander,Faceless Void,Enigma"
70;"npc_dota_hero_ursa";"Ursa";"Ursa";1;1;"/images/heroes/vertical/ursa_vert.png";1;"2,0,0,1,0,1,0,0,0";"Bane,Chaos Knight,Doom,Lion,Phantom Lancer,Riki,Shadow Demon,Slark,Storm Spirit,Templar Assassin,Viper,Weaver,Windranger";"Chaos Knight,Phantom Lancer,Disruptor,Puck,Shadow Demon,Outworld Destroyer,Clockwerk,Beastmaster,Phantom Assassin,Brewmaster,Hoodwink,Windranger";"Lifestealer,Lina,Timbersaw,Huskar,Medusa,Pudge";"Legion Commander,Shadow Fiend,Alchemist,Axe,Doom";"Io,Disruptor,Shadow Shaman,Lion,Bane";"Bane,Crystal Maiden,Lion,Rubick,Shadow Shaman,Invoker,Ogre Magi,Legion Commander"
71;"npc_dota_hero_spirit_breaker";"Spirit Breaker";"Spirit Breaker";0;1;"/images/heroes/vertical/spirit_breaker_vert.png";1;"1,0,0,2,0,2,1,0,2";"Omniknight,Clockwerk,Ember Spirit,Outworld Destroyer,Rubick,Luna,Enigma,Invoker,Medusa,Meepo,Morphling,Phoenix,Razor,Treant Protector,Underlord,Undying";"Ogre Magi,Earthshaker,Lion,Rubick,Lina,Luna,Jakiro,Dawnbreaker,Alchemist,Ogre Magi,Axe,Shadow Shaman,Naga Siren,Mars,Bane,Pudge,Clockwerk,Shadow Demon,Outworld Destroyer,Omniknight,Dawnbreaker,Bloodseeker,Keeper of the Light,Kunkka,Disruptor,Weaver,Medusa,Morphling,Queen of Pain,Storm Spirit,Luna,Naga Siren,Axe,Dawnbreaker,Bristleback,Mars,Omniknight,Tidehunter,Wraith King,Primal Beast,Underlord,Luna,Razor,Axe,Bristleback,Leshrac,Death Prophet,Jakiro,Venomancer,Viper,Dazzle,Arc Warden,Lion,Huskar,Shadow Shaman,Visage,Undying,Jakiro,Chaos Knight,Phantom Lancer,Terrorblade,Naga Siren,Broodmother,Warlock,Visage,Nature's Prophet,Shadow Shaman,Lycan,Wraith King";"Anti-Mage,Lycan,Weaver,Clinkz,Nature's Prophet,Tinker";"Sniper,Drow Ranger,Shadow Shaman,Bounty Hunter,Mirana,Riki,Riki,Broodmother,Phantom Lancer,Queen of Pain,Phantom Assassin,Huskar";"Bloodseeker,Bounty Hunter,Io,Lifestealer,Dark Seer,Snapfire,Grimstroke";"Beastmaster,Invoker,Chen,Arc Warden,Ogre Magi"
72;"npc_dota_hero_gyrocopter";"Gyrocopter";"Gyrocopter";1;1;"/images/heroes/vertical/gyrocopter_vert.png";2;"3,0,1,1,0,0,0,0,0";"Anti-Mage,Arc Warden,Huskar,Faceless Void,Juggernaut,Lina,Lifestealer,Omniknight,Queen of Pain,Timbersaw";"Storm Spirit,Morphling,Ember Spirit,Lina,Lion,Zeus";"Meepo,Undying,Phantom Lancer,Chaos Knight,Terrorblade,Io";"Axe,Dragon Knight,Sven";"Bloodseeker,Disruptor,Earthshaker,Enigma,Magnus,Morphling,Rubick,Warlock";"Centaur Warrunner,Faceless Void,Treant Protector,Underlord,Dazzle,Io,Ogre Magi"
73;"npc_dota_hero_alchemist";"Alchemist";"Alchemist";0;1;"/images/heroes/vertical/alchemist_vert.png";1;"2,1,1,1,0,2,0,0,1";"Axe,Ancient Apparition,Enchantress,Invoker,Kunkka,Lifestealer,Necrophos,Slardar,Slark,Ursa,Ember Spirit,Razor";"Viper,Clinkz,Pugna";"Doom,Broodmother,Nature's Prophet,Phoenix,Undying,Huskar";"Tiny";"Oracle,Magnus";"Shadow Shaman,Vengeful Spirit"
74;"npc_dota_hero_invoker";"Invoker";"Invoker";3;3;"/images/heroes/vertical/invoker_vert.png";2;"1,0,3,2,0,0,1,1,0";"Lone Druid,Void Spirit,Anti-Mage,Broodmother,Doom,Faceless Void,Juggernaut,Kunkka,Lifestealer,Night Stalker,Nyx Assassin,Pugna,Puck,Outworld Destroyer,Queen of Pain,Silencer,Storm Spirit,Templar Assassin,Viper,Zeus";"Death Prophet,Riki,Drow Ranger,Bounty Hunter,Slardar,Shadow Shaman,Legion Commander,Lifestealer,Juggernaut,Pangolier";"Batrider,Ember Spirit,Huskar,Legion Commander,Medusa,Necrophos,Tinker,Tiny,Wraith King,Spirit Breaker";"Earthshaker,Monkey King,Shadow Fiend,Lina,Sven,Tiny,Wraith King,Omniknight";"Bloodseeker,Pudge,Dark Seer,Disruptor,Luna,Magnus,Nature's Prophet,Faceless Void,Legion Commander";"Bane,Outworld Destroyer,Shadow Demon,Dragon Knight,Outworld Destroyer,Sven,Tiny,Ancient Apparition,Elder Titan,Kunkka,Mirana,Shadow Fiend"
75;"npc_dota_hero_silencer";"Silencer";"Silencer";2;2;"/images/heroes/vertical/silencer_vert.png";2;"1,1,1,2,0,0,0,0,2";"Broodmother,Dragon Knight,Jakiro,Lifestealer,Lycan,Nyx Assassin,Phantom Assassin,Phantom Lancer,Slark,Sniper,Ursa";"Viper,Riki,Bane,Legion Commander,Drow Ranger,Wraith King,Lone Druid";"Bristleback,Crystal Maiden,Enigma,Medusa,Oracle,Outworld Destroyer,Pugna,Shadow Demon,Terrorblade,Timbersaw,Tinker,Windranger,Zeus";"Queen of Pain,Storm Spirit,Doom,Tidehunter";"Slardar,Crystal Maiden,Anti-Mage,Pudge,Outworld Destroyer";""
76;"npc_dota_hero_obsidian_destroyer";"Outworld Destroyer";"Outworld Destroyer";2;2;"/images/heroes/vertical/obsidian_destroyer_vert.png";2;"2,0,2,1,0,0,0,0,0";"Batrider,Nyx Assassin,Phantom Lancer,Rubick,Shadow Demon,Silencer,Sniper,Templar Assassin";"Death Prophet,Night Stalker,Drow Ranger,Doom,Tinker,Invoker,Pugna,Lifestealer,Juggernaut";"Anti-Mage,Axe,Huskar,Legion Commander,Winter Wyvern,Morphling,Slark,Storm Spirit,Skywrath Mage,Timbersaw,Wraith King";"Doom,Phantom Assassin,Troll Warlord,Sven,Underlord,Bristleback,Chaos Knight,Terrorblade";"Ogre Magi,Silencer,Shadow Shaman,Shadow Demon,Bane,Lion,Disruptor,Faceless Void";"Elder Titan,Kunkka,Mirana,Pudge"
77;"npc_dota_hero_lycan";"Lycan";"Lycan";3;2;"/images/heroes/vertical/lycan_vert.png";1;"2,0,0,0,0,1,1,3,0";"Axe,Beastmaster,Bloodseeker,Bristleback,Earthshaker,Enigma,Enchantress,Grimstroke,Kunkka,Medusa,Omniknight,Phantom Assassin,Spirit Breaker,Sven,Tidehunter,Timbersaw,Winter Wyvern";"Treant Protector,Dragon Knight,Keeper of the Light,Pugna,Faceless Void";"Lich,Techies,Arc Warden,Drow Ranger,Ursa";"Wraith King,Bane,Phantom Assassin,Sniper,Zeus,Skywrath Mage,Huskar,Io";"Beastmaster,Chen,Nature's Prophet";"Slardar"
78;"npc_dota_hero_brewmaster";"Brewmaster";"Brewmaster";3;3;"/images/heroes/vertical/brewmaster_vert.png";1;"1,0,1,2,0,2,0,0,3";"Bane,Death Prophet,Lion,Outworld Destroyer,Shadow Shaman,Skywrath Mage";"Anti-Mage,Queen of Pain";"Abaddon,Chaos Knight,Huskar,Lone Druid,Lycan,Templar Assassin,Ursa";"Ursa,Clinkz,Faceless Void,Troll Warlord,Templar Assassin,Phantom Assassin,Broodmother,Enigma,Nature's Prophet";"Dazzle,Oracle,Tiny,Invoker";""
79;"npc_dota_hero_shadow_demon";"Shadow Demon";"Shadow Demon";2;2;"/images/heroes/vertical/shadow_demon_vert.png";2;"0,2,1,2,0,0,0,0,1";"Ember Spirit,Leshrac,Lina,Lion,Puck,Pugna,Queen of Pain,Storm Spirit,Witch Doctor,Wraith King";"Phantom Lancer,Lycan,Weaver,Weaver,Chaos Knight,Lone Druid,Meepo,Arc Warden";"Alchemist,Anti-Mage,Axe,Dark Seer,Huskar,Legion Commander,Omniknight,Spectre,Juggernaut,Luna,Phantom Lancer,Techies,Venomancer,Windranger";"Sven,Ursa,Lifestealer,Sniper,Shadow Fiend,Troll Warlord,Drow Ranger,Bristleback,Spectre,Phantom Assassin,Enchantress,Dragon Knight,Phantom Assassin,Sven,Slark,Phantom Lancer";"Ancient Apparition,Dazzle,Luna,Outworld Destroyer,Razor,Terrorblade";"Axe,Pudge,Primal Beast,Naga Siren,Spectre,Lina,Jakiro,Leshrac,Kunkka,Invoker"
80;"npc_dota_hero_lone_druid";"Lone Druid";"Lone Druid";3;3;"/images/heroes/vertical/lone_druid_vert.png";2;"2,0,0,0,0,1,0,3,0";"Bristleback,Dazzle,Huskar,Necrophos,Skywrath Mage,Tiny,Grimstroke,Outworld Destroyer,Underlord,Winter Wyvern,Lich,Tinker,Phoenix";"Riki,Pugna,Timbersaw";"Alchemist,Ember Spirit,Juggernaut,Dawnbreaker,Doom,Puck,Invoker,Arc Warden,Nature's Prophet,Silencer,Storm Spirit";"Puck,Void Spirit,Mars,Templar Assassin,Phantom Assassin,Ember Spirit,Morphling,Ancient Apparition,Crystal Maiden,Shadow Shaman";"Beastmaster,Lycan,Ogre Magi,Omniknight";"Ancient Apparition,Enigma,Pugna"
81;"npc_dota_hero_chaos_knight";"Chaos Knight";"Chaos Knight";0;1;"/images/heroes/vertical/chaos_knight_vert.png";1;"3,0,0,2,0,2,0,2,1";"Abaddon,Anti-Mage,Axe,Brewmaster,Dragon Knight,Earthshaker,Enchantress,Enigma,Jakiro,Lich,Magnus,Monkey King,Omniknight,Phantom Lancer,Puck,Sand King,Sven,Tidehunter,Timbersaw,Winter Wyvern,Witch Doctor";"Axe,Ember Spirit,Legion Commander,Phoenix,Naga Siren,Phantom Lancer,Broodmother,Jakiro,Viper,Lich";"Bane,Bounty Hunter,Disruptor,Huskar,Lifestealer,Lone Druid,Pudge,Slark,Sniper,Ursa,Viper";"Lifestealer,Wraith King,Night Stalker,Troll Warlord,Bane,Beastmaster,Bloodseeker,Clockwerk,Doom,Shadow Shaman,Drow Ranger,Bane,Necrophos,Crystal Maiden";"Crystal Maiden,Keeper of the Light,Marci,Phantom Lancer,Shadow Demon";"Vengeful Spirit,Alchemist,Dazzle,Slardar,Skywrath Mage,Invoker,Jakiro"
82;"npc_dota_hero_meepo";"Meepo";"Meepo";1;3;"/images/heroes/vertical/meepo_vert.png";1;"2,0,2,1,0,0,2,1,1";"Axe,Earthshaker,Elder Titan,Ember Spirit,Kunkka,Lion,Mars,Monkey King,Pangolier,Sven,Techies,Windranger,Venomancer,Viper,Winter Wyvern";"Dark Willow,Spirit Breaker,Slardar,Invoker,Tidehunter,Enigma,Invoker,Magnus,Puck,Sand King,Batrider,Beastmaster,Pudge,Clockwerk,Batrider,Tiny,Shadow Fiend,Lifestealer,Enchantress,Troll Warlord,Void Spirit,Jakiro";"Anti-Mage,Legion Commander,Phantom Lancer,Phoenix,Queen of Pain,Shadow Demon,Storm Spirit";"Earth Spirit,Ember Spirit,Storm Spirit,Nature's Prophet,Phantom Assassin,Riki,Anti-Mage,Weaver,Pugna,Mirana,Skywrath Mage,Arc Warden,Night Stalker,Slark,Spectre,Tinker,Juggernaut,Nature's Prophet,Luna,Lifestealer,Naga Siren";"Disruptor,Kunkka,Silencer,Sven,Dazzle";"Techies,Nature's Prophet,Underlord,Vengeful Spirit,Naga Siren,Wraith King,Slardar,Shadow Shaman,Lion,Enigma,Earthshaker,Magnus"
83;"npc_dota_hero_treant";"Treant Protector";"Treant Protector";0;2;"/images/heroes/vertical/treant_vert.png";1;"0,3,0,1,0,1,1,0,2";"Monkey King,Phantom Lancer,Rubick,Slardar,Timbersaw";"Batrider,Nature's Prophet,Lina,Enigma,Mars";"Spirit Breaker,Anti-Mage,Lycan,Storm Spirit,Drow Ranger,Phantom Assassin";"Storm Spirit,Mirana,Anti-Mage,Clinkz,Sniper,Lone Druid,Troll Warlord,Legion Commander,Wraith King";"Keeper of the Light,Crystal Maiden,Mirana,Nature's Prophet,Pudge,Sven,Warlock";"Centaur Warrunner,Tiny,Dark Seer,Disruptor,Phoenix,Sven,Lifestealer,Skywrath Mage,Ursa"
84;"npc_dota_hero_ogre_magi";"Ogre Magi";"Ogre Magi";0;1;"/images/heroes/vertical/ogre_magi_vert.png";1;"0,2,2,2,0,1,0,0,1";"Anti-Mage,Chaos Knight,Doom,Lifestealer,Meepo,Phantom Lancer,Omniknight,Oracle,Slark,Viper";"Earth Spirit,Arc Warden,Puck,Winter Wyvern";"Earthshaker,Io,Nature's Prophet,Templar Assassin,Weaver,Sven";"";"Grimstroke,Juggernaut,Sniper,Sven,Wraith King";"Lone Druid,Lifestealer"
85;"npc_dota_hero_undying";"Undying";"Undying";0;1;"/images/heroes/vertical/undying_vert.png";1;"0,2,1,1,0,2,0,0,0";"Alchemist,Earthshaker,Gyrocopter,Luna,Necrophos,Silencer,Rubick,Tidehunter";"Chaos Knight,Death Prophet,Invoker,Meepo,Terrorblade,Huskar,Sniper,Mirana";"Nature's Prophet,Spectre,Ogre Magi,Centaur Warrunner,Winter Wyvern,Sven,Bristleback";"Crystal Maiden,Witch Doctor,Sven,Centaur Warrunner,Doom";"Broodmother,Crystal Maiden,Morphling,Naga Siren,Pugna,Warlock,Winter Wyvern,Lich,Witch Doctor";"Meepo,Treant Protector,Underlord,Tidehunter,Bristleback,Venomancer"
86;"npc_dota_hero_rubick";"Rubick";"Rubick";2;3;"/images/heroes/vertical/rubick_vert.png";2;"0,2,1,1,0,0,0,0,0";"Anti-Mage,Bristleback,Clinkz,Night Stalker,Phantom Assassin,Riki,Slark,Ursa";"Rubick,Rubick,Ember Spirit,Rubick,Rubick";"Shadow Shaman,Dark Seer,Warlock,Puck,Lina,Grimstroke,Crystal Maiden,Venomancer,Sniper,Juggernaut,Underlord,Lion,Vengeful Spirit,Pangolier,Jakiro,Wraith King,Enigma,Phoenix,Witch Doctor,Shadow Fiend,Undying,Magnus,Kunkka,Luna,Morphling";"Slark,Spectre,Sniper,Tidehunter,Brewmaster,Death Prophet";"Alchemist,Crystal Maiden,Morphling,Luna";"Pudge,Mirana,Ancient Apparition"
87;"npc_dota_hero_disruptor";"Disruptor";"Disruptor";2;2;"/images/heroes/vertical/disruptor_vert.png";2;"0,2,1,2,0,0,0,0,1";"Abaddon,Night Stalker,Juggernaut,Lifestealer,Omniknight,Phantom Lancer,Pugna,Sniper,Viper";"Clinkz,Nyx Assassin,Puck,Riki,Bloodseeker,Riki,Silencer,Puck,Riki,Phantom Lancer,Ember Spirit,Chaos Knight,Naga Siren,Tusk,Juggernaut,Brewmaster,Lifestealer,Phoenix";"Anti-Mage,Io,Queen of Pain,Slark,Storm Spirit,Tidehunter";"Tidehunter";"Zeus,Anti-Mage,Keeper of the Light,Warlock,Clinkz";"Ursa,Anti-Mage,Sven,Dragon Knight"
88;"npc_dota_hero_nyx_assassin";"Nyx Assassin";"Nyx Assassin";3;2;"/images/heroes/vertical/nyx_assassin_vert.png";1;"0,0,2,2,0,0,1,0,2";"Axe,Bounty Hunter,Bloodseeker,Brewmaster,Doom,Juggernaut,Lifestealer,Luna,Lycan,Slardar,Viper,Visage";"Axe,Broodmother,Dawnbreaker,Enigma,Huskar,Jakiro,Legion Commander,Lina,Luna,Lycan,Slardar,Slark,Troll Warlord,Witch Doctor,Huskar,Jakiro,Viper,Venomancer,Huskar,Ember Spirit,Dark Seer,Sand King,Doom,Dawnbreaker,Techies,Naga Siren,Broodmother,Lycan,Visage,Phantom Lancer";"Crystal Maiden,Dawnbreaker,Enchantress,Enigma,Ember Spirit,Medusa,Outworld Destroyer,Phoenix,Puck,Pugna,Silencer,Sniper,Storm Spirit,Tinker";"Skywrath Mage,Tinker,Necrophos,Enigma,Crystal Maiden,Invoker,Shadow Fiend,Pugna,Keeper of the Light,Dawnbreaker,Ember Spirit,Drow Ranger";"Witch Doctor,Invoker,Legion Commander,Lifestealer,Bloodseeker";"Zeus,Ancient Apparition,Spectre,Dawnbreaker,Lion,Tidehunter,Underlord"
89;"npc_dota_hero_naga_siren";"Naga Siren";"Naga Siren";1;2;"/images/heroes/vertical/naga_siren_vert.png";1;"3,1,0,2,0,0,1,2,1";"Axe,Batrider,Dawnbreaker,Dazzle,Luna,Earthshaker,Jakiro,Juggernaut,Lion,Medusa,Morphling,Outworld Destroyer,Timbersaw,Zeus,Gyrocopter,Snapfire,Leshrac,Centaur Warrunner,Underlord";"Sand King,Phoenix,Meepo,Meepo,Sven,Magnus,Dragon Knight,Luna,Medusa,Templar Assassin,Gyrocopter,Muerta,Underlord,Elder Titan,Enigma,Zeus,Jakiro,Spirit Breaker,Bloodseeker,Witch Doctor,Sand King,Jakiro,Leshrac,Lina,Earthshaker,Zeus";"Abaddon,Arc Warden,Bounty Hunter,Crystal Maiden,Chen,Io,Legion Commander,Lone Druid,Lycan,Nature's Prophet,Night Stalker,Omniknight,Phoenix,Rubick,Sniper,Templar Assassin,Terrorblade,Viper";"Storm Spirit,Phantom Assassin,Magnus,Slark,Phantom Assassin,Magnus,Slark,Riki,Faceless Void,Storm Spirit";"Abaddon,Broodmother,Dazzle,Dawnbreaker,Death Prophet,Disruptor,Kunkka,Jakiro,Lina,Luna,Lycan,Razor,Shadow Shaman,Tidehunter";"Enigma,Crystal Maiden,Earthshaker,Axe,Luna,Disruptor,Elder Titan,Lina,Razor,Shadow Fiend,Jakiro,Death Prophet,Sand King,Dawnbreaker,Shadow Shaman,Venomancer,Batrider,Riki,Faceless Void,Medusa,Rubick,Ember Spirit,Invoker,Magnus,Undying,Broodmother,Shadow Shaman,Death Prophet,Razor,Luna,Lycan,Venomancer,Visage,Jakiro,Pugna,Leshrac,Medusa,Shadow Demon,Terrorblade,Luna,Vengeful Spirit,Shadow Fiend,Weaver,Dazzle,Slardar"
90;"npc_dota_hero_keeper_of_the_light";"Keeper of the Light";"Keeper of the Light";2;2;"/images/heroes/vertical/keeper_of_the_light_vert.png";2;"0,3,2,1,0,0,0,0,0";"Pugna,Juggernaut,Legion Commander,Lifestealer,Night Stalker,Nyx Assassin,Bloodseeker,Silencer,Anti-Mage";"Phantom Assassin,Puck,Queen of Pain,Storm Spirit,Legion Commander,Oracle,Slark,Phantom Lancer,Meepo,Clinkz,Templar Assassin,Enigma,Witch Doctor,Crystal Maiden,Puck,Doom,Riki,Dark Seer,Lycan";"Viper,Monkey King,Broodmother";"Sven,Slark,Keeper of the Light,Terrorblade,Naga siren,Nature's Prophet,Anti-Mage,Phantom Assassin,Wraith King,Medusa,Medusa,Viper,Beastmaster,Chen,Naga Siren";"Mars,Medusa,Lina,Luna,Pudge,Invoker,Terrorblade,Juggernaut,Zeus,Pugna";"Tinker,Storm Spirit,Tidehunter,Bristleback,Timbersaw,Phoenix,Templar Assassin,Enigma,Timbersaw,Huskar"
91;"npc_dota_hero_wisp";"Io";"Io";3;3;"/images/heroes/vertical/wisp_vert.png";2;"0,3,1,0,0,0,2,0,0";"Ancient Apparition,Batrider,Bloodseeker,Bristleback,Clinkz,Dazzle,Disruptor,Grimstroke,Gyrocopter,Jakiro,Legion Commander,Leshrac,Lich,Luna,Naga Siren,Phantom Assassin,Sniper,Spirit Breaker,Terrorblade,Treant Protector,Winter Wyvern";"Axe,Death Prophet,Phantom Lancer,Slark,Centaur Warrunner,Bristleback,Medusa,Mars,Riki,Tusk,Clinkz,Sniper,Slark,Phantom Assassin,Void Spirit,Storm Spirit,Ember Spirit,Earth Spirit,Spirit Breaker,Lifestealer,Dawnbreaker,Ember Spirit,Lina,Luna,Jakiro,Leshrac,Invoker,Muerta,Dazzle,Bane,Ember Spirit,Leshrac,Lina,Luna,Nyx Assassin,Phantom Assassin,Skywrath Mage,Tinker,Ursa,Void Spirit,Beastmaster,Broodmother,Chaos Knight,Lycan,Naga Siren,Nature's Prophet,Phantom Lancer,Shadow Shaman,Terrorblade,Visage,Warlock,Wraith King";"Drow Ranger,Meepo,Nature's Prophet,Phoenix,Pudge,Underlord";"";"Chaos Knight,Gyrocopter,Juggernaut,Legion Commander,Lifestealer,Phantom Assassin,Spirit Breaker,Sven,Tiny,Ursa";"Bane,Earthshaker,Elder Titan,Lion,Shadow Shaman,Beastmaster,Techies,Templar Assassin,Treant Protector,Dazzle,Chen,Witch Doctor"
92;"npc_dota_hero_visage";"Visage";"Visage";3;3;"/images/heroes/vertical/visage_vert.png";2;"0,1,2,1,0,1,0,1,0";"Axe,Centaur Warrunner,Doom,Luna,Phoenix,Sand King,Tidehunter,Timbersaw,Tiny,Venomancer,Viper";"Huskar,Jakiro,Queen of Pain,Chaos Knight,Meepo,Terrorblade,Phantom Lancer,Gyrocopter,Kunkka,Magnus,Medusa,Pangolier,Lifestealer,Slardar,Dazzle,Phoenix,Sniper";"Clockwerk,Nature's Prophet,Puck,Pudge,Shadow Shaman,Spectre,Techies";"Tiny,Undying,Crystal Maiden,Bane,Witch Doctor,Enigma,Oracle,Lion,Sven,Alchemist,Crystal Maiden,Zeus";"Slardar,Lifestealer,Beastmaster,Elder Titan,Marci";"Ogre Magi,Invoker,Lycan,Oracle,Spectre,Slark,Crystal Maiden,Alchemist,Morphling,Nature's Prophet,Naga Siren,Clockwerk,Luna,Naga Siren,Shadow Shaman,Jakiro,Broodmother,Lycan,Death Prophet,Leshrac,Razor,Lina,Pugna,Enigma,Phantom Lancer,Chaos Knight,Terrorblade,Earth Spirit"
93;"npc_dota_hero_slark";"Slark";"Slark";1;2;"/images/heroes/vertical/slark_vert.png";1;"2,0,1,1,0,0,3,0,0";"Ancient Apparition,Grimstroke,Axe,Bloodseeker,Chaos Knight,Disruptor,Earthshaker,Meepo,Omniknight,Outworld Destroyer,Phantom Lancer,Puck,Pugna,Tiny";"Viper,Shadow Demon,Lina,Jakiro,Underlord,Leshrac,Dark Seer,Earthshaker,Timbersaw,Crystal Maiden,Lina,Lion,Zeus,Dazzle,Abaddon,Silencer,Death Prophet,Puck,Doom,Slardar";"Arc Warden,Batrider,Drow Ranger,Juggernaut,Luna,Medusa,Phantom Assassin,Sniper,Spectre,Storm Spirit,Templar Assassin,Warlock,Windranger";"Lycan,Anti-Mage,Earth Spirit,Faceless Void,Magnus,Mirana,Monkey King,Morphling,Pangolier,Phantom Assassin,Phoenix,Puck,Queen of Pain,Riki,Sand King,Spirit Breaker,Timbersaw,Tusk,Nature's Prophet";"Bane,Earthshaker,Keeper of the Light,Luna,Magnus,Kunkka,Omniknight,Pugna,Skywrath Mage,Underlord,Witch Doctor,Zeus";"Crystal Maiden,Venomancer,Pudge,Lich,Chaos Knight,Kunkka,Leshrac,Skywrath Mage"
94;"npc_dota_hero_medusa";"Medusa";"Medusa";1;1;"/images/heroes/vertical/medusa_vert.png";2;"3,0,0,1,0,1,0,0,0";"Anti-Mage,Arc Warden,Axe,Bane,Broodmother,Invoker,Keeper of the Light,Nyx Assassin,Phantom Lancer,Razor,Riki,Slark,Sniper,Ursa,Mars,Huskar";"Lion,Invoker,Riki,Naga Siren,Terrorblade,Juggernaut,Spectre,Slark,Tidehunter,Bristleback,Slardar";"Enchantress,Lifestealer,Luna,Naga Siren,Necrophos,Sven,Undying,Lycan,Enigma,Meepo,Axe,Visage";"Lina,Zeus";"Axe,Earthshaker,Keeper of the Light,Lich,Phoenix,Shadow Demon";""
95;"npc_dota_hero_troll_warlord";"Troll Warlord";"Troll Warlord";1;2;"/images/heroes/vertical/troll_warlord_vert.png";2;"3,0,0,1,0,1,0,2,0";"Axe,Bane,Shadow Shaman,Chaos Knight,Crystal Maiden,Lich,Oracle,Outworld Destroyer,Razor,Sniper,Timbersaw,Underlord,Winter Wyvern";"";"Anti-Mage,Enchantress,Huskar,Juggernaut,Lifestealer,Phantom Assassin,Phoenix,Sven,Terrorblade,Undying";"Crystal Maiden,Sven,Storm Spirit,Phantom Assassin,Terrorblade,Morphling";"Dark Seer,Tusk,Ogre Magi,Slardar,Vengeful Spirit";"Dazzle,Alchemist,Magnus,Ogre Magi,Slardar,Tusk,Dark Seer,Io,Disruptor"
96;"npc_dota_hero_centaur";"Centaur Warrunner";"Centaur Warrunner";0;1;"/images/heroes/vertical/centaur_vert.png";1;"0,0,1,1,0,3,1,0,3";"Clockwerk,Disruptor,Kunkka,Lifestealer,Luna,Necrophos,Templar Assassin";"Winter Wyvern";"Arc Warden,Doom,Nyx Assassin,Pangolier,Phantom Assassin,Phantom Lancer,Sniper,Windranger";"Troll Warlord,Night Stalker,Anti-Mage,Chaos Knight,Phantom Lancer,Naga Siren";"Abaddon,Dark Seer,Mirana,Sven,Tusk,Tiny,Vengeful Spirit,Grimstroke";""
97;"npc_dota_hero_magnataur";"Magnus";"Magnus";3;2;"/images/heroes/vertical/magnataur_vert.png";1;"0,0,1,2,0,0,1,0,3";"Alchemist,Anti-Mage,Bloodseeker,Disruptor,Huskar,Jakiro,Night Stalker,Puck,Phoenix,Razor,Rubick,Sniper,Spectre,Treant Protector,Tinker,Venomancer,Wraith King,Zeus";"Sven,Omniknight,Enigma,Luna,Naga Siren,Mars,Jakiro,Venomancer,Elder Titan,Faceless Void,Rubick,Keeper of the Light,Pugna,Invoker,Spectre,Alchemist,Treant Protector,Lina,Oracle,Zeus,Shadow Shaman,Phoenix,Razor,Huskar,Batrider,Kunkka,Tidehunter,Wraith King,Sand King,Medusa,Dawnbreaker,Huskar,Faceless Void,Weaver,Abaddon,Troll Warlord,Alchemist,Dragon Knight,Night Stalker,Viper";"Chaos Knight,Meepo,Lifestealer";"Shadow Fiend,Sniper,Chaos Knight,Beastmaster,Nature's Prophet,Enigma";"Snapfire,Anti-Mage,Enigma,Invoker,Phantom Assassin,Sven,Troll Warlord,Phoenix,Kunkka,Tiny";"Crystal Maiden,Queen of Pain,Invoker,Leshrac,Ancient Apparition,Sand King,Earthshaker,Witch Doctor,Shadow Fiend,Kunkka,Jakiro,Venomancer,Timbersaw,Snapfire,Sand King,Earthshaker,Warlock,Slardar,Faceless Void,Disruptor,Elder Titan"
98;"npc_dota_hero_shredder";"Timbersaw";"Timbersaw";0;2;"/images/heroes/vertical/shredder_vert.png";1;"0,0,3,0,0,2,2,0,0";"Bane,Doom,Ember Spirit,Faceless Void,Grimstroke,Invoker,Lion,Necrophos,Outworld Destroyer,Pangolier,Pugna,Shadow Shaman,Skywrath Mage,Silencer,Storm Spirit,Templar Assassin,Viper,Zeus";"Puck,Weaver,Ember Spirit,Lina,Leshrac,Enchantress,Queen of Pain,Bloodseeker";"Kunkka,Broodmother,Axe,Chaos Knight,Meepo,Monkey King,Nature's Prophet,Phantom Assassin,Phantom Lancer,Razor,Slark,Terrorblade,Treant Protector";"Broodmother,Lycan,Undying,Treant Protector,Tinker,Monkey King";"Bounty Hunter,Crystal Maiden,Enigma,Magnus,Faceless Void";"Vengeful Spirit,Bane,Shadow Shaman,Tidehunter,Keeper of the Light,Io,Omniknight,Oracle"
99;"npc_dota_hero_bristleback";"Bristleback";"Bristleback";0;1;"/images/heroes/vertical/bristleback_vert.png";1;"2,0,1,0,0,3,0,0,1";"Anti-Mage,Doom,Faceless Void,Grimstroke,Hoodwink,Legion Commander,Necrophos,Outworld Destroyer,Razor,Silencer,Slardar,Slark,Timbersaw,Viper,Weaver";"Axe,Batrider,Lion,Shadow Demon,Spirit Breaker,Terrorblade";"Broodmother,Chaos Knight,Huskar,Jakiro,Lycan,Meepo,Phantom Lancer,Pudge,Riki,Rubick,Sand King,Windranger";"Arc Warden,Venomancer,Luna";"Crystal Maiden,Dazzle,Drow Ranger,Keeper of the Light,Skywrath Mage,Venomancer";""
100;"npc_dota_hero_tusk";"Tusk";"Tusk";0;1;"/images/heroes/vertical/tusk_vert.png";1;"0,0,1,2,0,0,0,0,2";"Anti-Mage,Batrider,Disruptor,Earth Spirit,Earthshaker,Phantom Lancer,Queen of Pain,Razor,Techies";"Axe,Dragon Knight,Night Stalker,Centaur Warrunner,Wraith King";"Bane,Bloodseeker,Crystal Maiden,Legion Commander,Pugna,Shadow Fiend,Sniper,Venomancer,Viper,Pudge,Monkey King";"";"Omniknight,Axe,Juggernaut,Legion Commander,Lifestealer,Tidehunter,Tiny,Meepo";""
101;"npc_dota_hero_skywrath_mage";"Skywrath Mage";"Skywrath Mage";2;1;"/images/heroes/vertical/skywrath_mage_vert.png";2;"0,2,3,1,0,0,0,0,0";"Anti-Mage,Huskar,Abaddon,Pugna,Templar Assassin,Nyx Assassin,Wraith King";"Chaos Knight,Phantom Lancer,Lone Druid,Lycan,Beastmaster,Juggernaut,Lion,Phantom Assassin,Riki,Silencer,Night Stalker";"Tinker,Timbersaw,Storm Spirit,Enchantress,Alchemist,Phantom Assassin,Vengeful Spirit,Winter Wyvern";"Weaver,Queen of Pain,Morphling,Clinkz";"Faceless Void,Undying,Centaur Warrunner,Pugna,Silencer,Legion Commander";"Clockwerk,Beastmaster,Legion Commander,Batrider,Bane,Crystal Maiden,Keeper of the Light,Io,Lion,Lina,Necrophos"
102;"npc_dota_hero_abaddon";"Abaddon";"Abaddon";3;1;"/images/heroes/vertical/abaddon_vert.png";1;"1,2,0,0,0,2,0,0,0";"Ancient Apparition,Axe,Brewmaster,Doom,Lina,Outworld Destroyer,Shadow Demon,Viper";"Night Stalker,Silencer,Nyx Assassin";"Death Prophet,Mirana,Bane,Batrider,Beastmaster,Chen,Techies,Bloodseeker,Necrophos,Legion Commander,Nyx Assassin";"Skywrath Mage,Techies,Juggernaut,Shadow Shaman,Ogre Magi,Huskar,Venomancer,Phoenix,Lion,Shadow Shaman,Lion,Lina,Legion Commander,Faceless Void,Pudge";"Storm Spirit,Phantom Assassin,Io,Axe,Legion Commander,Centaur Warrunner,Oracle";"Lone Druid,Sniper,Necrophos,Sven"
103;"npc_dota_hero_elder_titan";"Elder Titan";"Elder Titan";0;2;"/images/heroes/vertical/elder_titan_vert.png";1;"0,0,1,1,0,1,0,0,2";"Brewmaster,Clockwerk,Lich,Lion,Sven,Juggernaut,Enchantress,Earthshaker";"";"Meepo,Morphling,Phantom Lancer,Slark,Terrorblade,Viper";"Morphling,Terrorblade,Crystal Maiden,Pudge,Techies";"Bloodseeker,Dark Seer,Disruptor,Faceless Void,Kunkka,Luna,Slardar,Vengeful Spirit";"Earthshaker,Enigma,Naga Siren,Lina,Treant Protector,Faceless Void,Magnus,Tidehunter,Luna,Shadow Fiend,Vengeful Spirit,Lina,Luna,Naga Siren,Sand King,Axe,Shadow Fiend"
104;"npc_dota_hero_legion_commander";"Legion Commander";"Legion Commander";0;1;"/images/heroes/vertical/legion_commander_vert.png";1;"1,0,1,2,0,1,0,0,1";"Abaddon,Arc Warden,Bane,Dazzle,Outworld Destroyer,Io,Luna,Mars,Medusa,Omniknight,Oracle,Pangolier,Pugna,Razor,Skywrath Mage,Sven,Underlord,Ursa,Visage,Winter Wyvern,Witch Doctor";"Outworld Destroyer,Shadow Demon,Tusk,Phoenix,Shadow Shaman,Lion,Arc Warden,Keeper of the Light,Riki,Tinker,Nature's Prophet,Ancient Apparition,Zeus,Invoker,Treant Protector,Wraith King,Troll Warlord";"Anti-Mage,Bristleback,Broodmother,Chen,Clinkz,Drow Ranger,Huskar,Nyx Assassin,Sniper,Terrorblade,Viper,Weaver";"Phantom Lancer,Chaos Knight,Terrorblade,Naga Siren,Axe,Lycan,Arc Warden,Warlock,Chen,Crystal Maiden,Lich,Techies,Rubick,Venomancer,Earth Spirit,Ogre Magi";"Ancient Apparition,Disruptor,Invoker,Lifestealer,Mirana,Shadow Fiend,Silencer,Skywrath Mage,Ursa,Witch Doctor,Zeus";"Nature's Prophet,Ancient Apparition,Zeus,Invoker,Spectre,Nyx Assassin,Lina,Lion,Necrophos,Skywrath Mage,Tinker,Queen of Pain"
106;"npc_dota_hero_ember_spirit";"Ember Spirit";"Ember Spirit";1;2;"/images/heroes/vertical/ember_spirit_vert.png";1;"2,0,1,1,0,0,3,0,1";"Batrider,Huskar,Invoker,Lion,Lone Druid,Shadow Fiend,Silencer,Storm Spirit,Faceless Void,Omniknight,Outworld Destroyer,Nyx Assassin,Kunkka";"Doom,Queen of Pain,Anti-mage";"Bloodseeker,Earth Spirit,Meepo,Chaos Knight,Lina,Terrorblade,Crystal Maiden,Nature's Prophet,Phantom Lancer,Templar Assassin,Zeus";"Naga Siren,Terrorblade,Phantom Lancer,Lycan";"Axe,Bloodseeker,Dark Seer,Dazzle,Enigma,Faceless Void,Keeper of the Light,Magnus,Skywrath Mage";"Chen"
107;"npc_dota_hero_earth_spirit";"Earth Spirit";"Earth Spirit";0;3;"/images/heroes/vertical/earth_spirit_vert.png";1;"0,0,2,1,0,1,2,0,1";"Abaddon,Ember Spirit,Lycan,Puck,Slark,Storm Spirit,Clockwerk";"Ember Spirit,Puck,Weaver";"Pugna,Puck,Pudge,Tinker,Invoker,Templar Assassin,Enigma";"Io,Crystal Maiden,Lina,Windranger,Tidehunter,Ursa";"Alchemist,Bloodseeker,Dark Seer,Faceless Void,Lifestealer,Techies";"Ursa,Lina,Slardar,Tidehunter,Elder Titan,Earthshaker"
109;"npc_dota_hero_terrorblade";"Terrorblade";"Terrorblade";1;2;"/images/heroes/vertical/terrorblade_vert.png";1;"3,0,1,0,0,0,0,2,0";"Axe,Crystal Maiden,Dark Seer,Dazzle,Drow Ranger,Earth Spirit,Elder Titan,Ursa,Jakiro,Lina,Luna,Naga Siren,Shadow Shaman,Razor,Ember Spirit,Necrophos,Outworld Destroyer,Phantom Lancer,Silencer,Tinker,Troll Warlord,Underlord,Zeus,Timbersaw,Storm Spirit,Sven,Skywrath Mage,Nyx Assassin,Techies";"Lina,Lion,Luna,Leshrac,Outworld Devourer,Morphling,Bane,Puck,Nyx Assassin,Techies,Batrider,Invoker,Keeper of the Light,Jakiro,Lina,Luna,Leshrac,Shadow Shaman,Legion Commander,Shadow Shaman,Lion,Dazzle,Dark Seer,Morphling,Enchantress,Shadow Demon,Grimstroke,Bane,Batrider,Earthshaker,Elder Titan,Faceless Void,Invoker,Legion Commander,Mars,Primal Beast,Riki,Shadow Shaman,Silencer,Vengeful Spirit,Void Spirit,Faceless Void,Weaver,Broodmother,Abaddon,Troll Warlord,Faceless Void,Windranger,Weaver,Juggernaut,Enigma,Witch Doctor,Shadow Shaman,Lion,Bane,Pudge,Crystal Maiden,Pugna,Dawnbreaker,Naga Siren,Centaur Warrunner,Hoodwink,Huskar,Invoker,Leshrac,Lifestealer,Pangolier,Phantom Assassin,Pugna,Techies,Windranger,Shadow Shaman,Naga Siren,Broodmother,Lycan,Enigma,Chaos Knight,Phantom Lancer,Shadow Demon,Dark Seer,Nature's Prophet,Invoker,Morphling,Visage,Grimstroke,Faceless Void,Silencer,Spirit Breaker,Spectre,Templar Assassin,Outworld Destroyer,Bane,Lifestealer,Spectre,Chaos Knight,Spirit Breaker,Sniper";"Abaddon,Ancient Apparition,Bane,Viper,Io,Shadow Fiend,Pudge,Anti-Mage,Sniper,Spectre,Lifestealer,Witch Doctor,Wraith King";"Morphling,Tiny,Drow Ranger,Anti-Mage,Juggernaut,Riki,Venomancer,Huskar,Phantom Assassin,Templar Assassin";"Dazzle,Oracle,Shadow Demon,Necrophos";"Nature's Prophet,Broodmother,Phoenix"
110;"npc_dota_hero_phoenix";"Phoenix";"Phoenix";3;2;"/images/heroes/vertical/phoenix_vert.png";2;"0,2,3,1,0,0,2,0,2";"Night Stalker,Arc Warden,Huskar,Ursa,Silencer,Meepo,Bloodseeker,Viper,Necrophos,Snapfire ";"Juggernaut,Clinkz,Troll Warlord,Beastmaster,Lina,Death Prophet,Skywrath Mage,Nyx Assassin,Ancient Apparition,Necrophos,Lifestealer,Juggernaut,Anti-Mage";"Templar Assassin,Phantom Assassin,Legion Commander,Monkey King,Chen,Earthshaker,Ancient Apparition,Shadow Demon";"Shadow Fiend,Drow Ranger,Crystal Maiden,Witch Doctor,Axe,Pudge,Bristleback,Mars,Naga Siren,Chaos Knight";"Enigma,Faceless Void,Invoker,Keeper of the Light,Lifestealer,Magnus,Pugna,Sven,Tinker,Treant Protector,Warlock";"Mars,Centaur Warrunner,Tiny,Earthshaker,Magnus,Axe,Bane,Legion Commander,Batrider,Earth Spirit,Pudge,Tiny,Vengeful Spirit,Crystal Maiden,Lich,Riki,Terrorblade,Invoker,Warlock"
111;"npc_dota_hero_oracle";"Oracle";"Oracle";2;3;"/images/heroes/vertical/oracle_vert.png";2;"0,3,3,2,0,0,1,0,0";"Anti-Mage,Axe,Bristleback,Faceless Void,Shadow Demon,Spectre";"Templar Assassin,Visage,Lion,Night Stalker,Legion Commander,Phantom Lancer,Broodmother,Clinkz,Anti-Mage,Timbersaw,Phantom Lancer,Elder Titan";"Primal Beast,Ember Spirit,Legion Commander,Dark Willow,Omniknight,Rubick,Ancient Apparition,Silencer,Phoenix,Necrophos,Dark Seer,Techies,Skywrath Mage";"Venomancer,Skywrath Mage,Sniper,Razor,Skywrath Mage,Crystal Maiden,Phantom Assassin,Sven,Enchantress,Skywrath Mage,Crystal Maiden,Enchantress";"Alchemist,Ancient Apparition,Death Prophet,Huskar,Io,Legion Commander,Monkey King,Shadow Demon,Timbersaw,Ursa,Leshrac,Troll Warlord,Necrophos";"Dazzle,Anti-Mage,Viper,Visage,Sven,Ursa,Warlock,Omniknight"
105;"npc_dota_hero_techies";"Techies";"Techies";3;2;"/images/heroes/vertical/techies_vert.png";2;"0,0,3,1,0,0,0,0,0";"Abaddon,Anti-Mage,Death Prophet,Juggernaut,Lifestealer,Viper,Night Stalker,Oracle,Templar Assassin,Wraith King";"Broodmother,Enigma,Nature's Prophet,Naga Siren,Terrorblade,Lion,Drow Ranger,Magnus,Mars";"Monkey King,Enchantress,Chaos Knight,Morphling";"Bounty Hunter,Riki,Weaver,Earthshaker,Nyx Assassin";"Batrider,Crystal Maiden,Magnus,Pugna,Tusk,Undying";"Witch Doctor,Tidehunter,Doom"
112;"npc_dota_hero_winter_wyvern";"Winter Wyvern";"Winter Wyvern";3;2;"/images/heroes/vertical/winter_wyvern_vert.png";2;"0,3,1,2,0,0,0,0,0";"Ancient Apparition,Invoker,Luna,Omniknight,Outworld Destroyer,Pugna,Skywrath Mage,Slark,Timbersaw,Tinker,Undying,Ursa";"Lina,Zeus";"Beastmaster,Chaos Knight,Lycan,Legion Commander,Meepo,Troll Warlord";"Broodmother,Nature's Prophet,Phantom Lancer,Terrorblade,Lifestealer,Sven,Wraith King,Phantom Assassin,Templar Assassin";"Dark Seer,Enigma,Magnus,Venomancer,Invoker";"Leshrac,Queen of Pain,Puck,Disruptor,Treant Protector,Ember Spirit,Shadow Fiend,Riki"
113;"npc_dota_hero_arc_warden";"Arc Warden";"Arc Warden";1;3;"/images/heroes/vertical/arc_warden_vert.png";2;"3,0,1,0,0,0,3,0,0";"Broodmother,Invoker,Anti-Mage,Axe,Batrider,Bristleback,Chaos Knight,Meepo,Luna,Naga Siren,Riki,Phantom Lancer,Pugna";"Beastmaster,Chen,Shadow Demon,Slark,Lifestealer,Morphling,Broodmother,Bristleback,Slark,Riki,Earthshaker,Sven";"Legion Commander,Templar Assassin,Mirana,Terrorblade,Phoenix,Sniper,Drow Ranger,Enchantress";"Silencer,Viper";"Ancient Apparition";"Sniper,Shadow Fiend"
108;"npc_dota_hero_abyssal_underlord";"Underlord";"Underlord";0;2;"/images/heroes/vertical/abyssal_underlord_vert.png";1;"0,1,1,1,0,1,2,0,0";"Necrophos,Razor,Luna,Disruptor,Kunkka,Doom,Enigma,Sniper,Outworld Destroyer,Winter Wyvern,Rubick,Shadow Fiend,Ursa";"Techies,Templar Assassin,Treant Protector,Juggernaut,Lifestealer,Luna,Lina,Jakiro,Pugna,Bane,Snapfire,Muerta,Nyx Assassin,Enigma,Tinker,Witch Doctor,Zeus,Crystal Maiden,Elder Titan,Enigma,Zeus,Jakiro,Luna,Dawnbreaker,Axe,Mars,Jakiro,Naga Siren,Razor,Lina,Broodmother,Elder Titan,Alchemist,Queen of Pain,Dark Seer,Venomancer,Oracle,Bloodseeker,Enigma,Shadow Fiend,Batrider,Ancient Apparition,Sand King,Gyrocopter,Ember Spirit,Death Prophet,Monkey King,Crystal Maiden,Muerta,Medusa,Zeus,Dark Willow,Pangolier,Grimstroke,Earthshaker,Puck,Winter Wyvern,Magnus";"Chen,Drow Ranger,Legion Commander,Naga Siren,Phantom Lancer,Phantom Assassin,Spirit Breaker,Terrorblade,Templar Assassin";"Sven,Tiny,Wraith King,Dragon Knight,Meepo,Doom,Bounty Hunter,Dark Seer,Undying,Alchemist,Legion Commander,Terrorblade,Dragon Knight,Omniknight,Phantom Assassin,Terrorblade,Troll Warlord,Drow Ranger,Phantom Lancer,Chaos Knight,Sven,Wraith King,Bounty Hunter,Alchemist,Templar Assassin,Nyx Assassin,Bane";"Disruptor,Dragon Knight,Elder Titan,Leshrac,Mirana,Riki,Rubick,Timbersaw,Vengeful Spirit";"Beastmaster,Broodmother,Lone Druid,Lycan,Visage,Outworld Destroyer,Shadow Fiend,Crystal Maiden,Sand King,Faceless Void,Earthshaker,Treant Protector,Magnus,Enigma,Tidehunter,Sven,Sand King"
114;"npc_dota_hero_monkey_king";"Monkey King";"Monkey King";1;2;"/images/heroes/vertical/monkey_king_vert.png";1;"2,0,0,1,0,0,2,0,1";"Batrider,Beastmaster,Bounty Hunter,Brewmaster,Disruptor,Enchantress,Enigma,Keeper of the Light,Magnus,Mars,Phantom Assassin,Phoenix,Queen of Pain,Storm Spirit,Techies,Timbersaw,Vengeful Spirit,Venomancer,Viper,Windranger";"Broodmother,Riki,Keeper of the Light,Axe,Centaur Warrunner,Tusk,Bloodseeker,Treant Protector,Sniper,Weaver,Windranger,Nature's Prophet,Phantom Lancer,Necrophos,Phoenix,Alchemist,Earthshaker,Razor,Tinker,Leshrac,Queen of Pain";"Alchemist,Drow Ranger,Faceless Void,Omniknight,Meepo,Nature's Prophet,Pudge,Shadow Fiend,Spectre,Silencer,Underlord,Skywrath Mage,Witch Doctor";"Dark Seer,Riki,Rubick,Legion Commander,Lifestealer,Weaver,Wraith King";"Beastmaster,Crystal Maiden,Dark Seer,Elder Titan,Magnus,Mars,Nature's Prophet,Oracle,Puck,Treant Protector";"Jakiro,Earthshaker,Elder Titan,Lina"
120;"npc_dota_hero_pangolier";"Pangolier";"Pangolier";3;2;"/images/heroes/vertical/pangolier_vert.png";1;"2,0,2,1,0,1,2,0,2";"Bloodseeker,Centaur Warrunner,Faceless Void,Grimstroke,Medusa,Outworld Destroyer,Puck,Slark,Spirit Breaker,Tusk";"Treant Protector,Meepo,Crystal Maiden,Dark Willow,Underlord,Naga Siren,Anti-Mage,Queen of Pain,Void Spirit,Storm Spirit,Ember Spirit,Earth Spirit,Axe,Beastmaster,Enigma,Magnus,Pudge,Batrider,Bane,Winter Wyvern,Vengeful Spirit,Keeper of the Light,Huskar,Dark Seer,Drow Ranger,Sniper,Templar Assassin,Arc Warden";"Arc Warden,Broodmother,Legion Commander,Marci,Meepo,Phantom Lancer,Sniper,Templar Assassin,Visage";"Crystal Maiden,Pugna,Witch Doctor,Nature's Prophet,Enigma,Lycan,Chaos Knight,Naga Siren,Terrorblade,Sven,Clinkz,Windranger,Alchemist,Dragon Knight,Legion Commander";"Abaddon,Batrider,Clockwerk,Dark Seer,Earth Spirit,Jakiro,Keeper of the Light,Undying";"Treant Protector,Tidehunter,Warlock,Elder Titan,Enigma,Axe,Death Prophet,Crystal Maiden,Spectre,Venomancer,Leshrac,Bloodseeker,Shadow Fiend,Monkey King,Drow Ranger,Medusa,Gyrocopter,Sniper,Tinker,Earthshaker,Tusk"
119;"npc_dota_hero_dark_willow";"Dark Willow";"Dark Willow";3;2;"/images/heroes/vertical/dark_willow_vert.png";2;"0,2,2,1,0,0,2,0,0";"Anti-Mage,Axe,Arc Warden,Bristleback,Drow Ranger,Ember Spirit,Juggernaut,Lifestealer,Nyx Assassin,Oracle,Puck,Pudge,Riki,Silencer,Storm Spirit,Skywrath Mage";"Death Prophet,Silencer,Drow Ranger,Phantom Assassin,Sven,Wraith King";"Bloodseeker,Faceless Void,Monkey King,Meepo,Spirit Breaker,Timbersaw,Troll Warlord,Windranger";"";"Axe,Ember Spirit,Invoker,Juggernaut,Lina,Magnus,Mirana,Phoenix,Puck,Pudge,Warlock,Weaver";"Leshrac,Razor,Death Prophet,Windranger,Slardar,Storm Spirit,Bloodseeker,Pangolier,Weaver,Earthshaker,Jakiro"
121;"npc_dota_hero_grimstroke";"Grimstroke";"Grimstroke";2;2;"/images/heroes/vertical/grimstroke_vert.png";2;"0,2,2,2,0,0,1,0,0";"Puck,Shadow Demon,Centaur Warrunner,Sniper,Vengeful Spirit";"Zeus,Skywrath Mage,Tinker,Lina,Anti-Mage,Queen of Pain,Morphling,Storm Spirit";"Broodmother,Crystal Maiden,Io,Necrophos,Phantom Lancer,Terrorblade,Timbersaw,Weaver";"Bane,Pudge,Witch Doctor,Crystal Maiden,Enigma,Lycan,Ursa,Troll Warlord,Naga Siren,Faceless Void,Terrorblade,Luna,Anti-Mage,Chaos Knight,Broodmother,Naga Siren";"Doom,Bane,Bloodseeker,Primal Beast,Bounty Hunter,Crystal Maiden,Lich,Lion,Lina,Necrophos,Phoenix,Pugna,Slark,Witch Doctor,Axe";"Doom,Skywrath Mage,Witch Doctor,Sniper,Ogre Magi,Zeus,Riki,Clinkz,Nyx Assassin,Centaur Warrunner,Dark Seer,Sven,Venomancer,Bristleback,Spectre,Leshrac,Gyrocopter,Tinker,Ember Spirit,Zeus,Legion Commander,Undying"
129;"npc_dota_hero_mars";"Mars";"Mars";0;1;"/images/heroes/vertical/mars_vert.png";1;"1,0,0,2,0,3,0,0,2";"Axe,Lifestealer,Riki,Batrider,Faceless Void,Huskar,Lina,Necrophos,Ogre Magi,Outworld Destroyer,Pugna,Pangolier,Shadow Fiend,Storm Spirit,Underlord,Undying,Venomancer,Viper,Tusk,Zeus";"Ursa,Legion Commander,Shadow Demon,Viper,Medusa,Kunkka,Dazzle,Omniknight,Timbersaw,Dark Willow,Enigma,Invoker,Pugna,Skywrath Mage,Tinker,Zeus,Oracle";"Bloodseeker,Juggernaut,Legion Commander,Sniper,Monkey King,Drow Ranger,Phantom Assassin,Slark,Spectre,Terrorblade,Weaver";"Doom,Magnus,Abaddon,Anti-Mage,Broodmother,Luna,Sniper,Troll Warlord,Weaver,Clinkz,Phantom Lancer,Nature's Prophet,Lich,Riki,Bounty Hunter";"Dark Seer,Huskar,Crystal Maiden,Disruptor,Keeper of the Light,Kunkka,Lich,Monkey King,Phoenix,Riki,Sven";"Elder Titan,Kunkka,Phoenix,Sand King,Underlord,Gyrocopter,Shadow Fiend,Enigma,Jakiro,Techies,Warlock,Witch Doctor,Ember Spirit,Sven,Luna,Medusa,Dark Willow,Lone Druid,Queen of Pain,Sniper,Terrorblade,Tinker,Zeus,Invoker,Batrider,Dark Seer,Huskar,Invoker,Keeper of the Light,Ursa,Legion Commander"
126;"npc_dota_hero_void_spirit";"Void Spirit";"Void Spirit";3;2;"/images/heroes/vertical/void_spirit_vert.png";1;"2,0,2,1,0,0,3,0,0";"Bane,Bloodseeker,Death Prophet,Bounty Hunter,Doom,Ember Spirit,Meepo,Puck,Queen of Pain,Shadow Fiend,Slardar,Templar Assassin,Viper";"Sven,Tiny,Wraith King,Ogre Magi,Abaddon,Oracle,Ember Spirit,Queen of Pain,Dragon Knight,Centaur Warrunner,Ursa,Lifestealer,Axe,Legion Commander";"Broodmother,Terrorblade,Gyrocopter,Invoker,Morphling,Monkey King,Windranger";"Spectre,Gyrocopter,Morphling,Chen,Outworld Destroyer,Magnus,Medusa,Anti-Mage,Chen,Lycan,Phantom Lancer";"Keeper of the Light,Pudge,Pugna,Bane,Bloodseeker";""
128;"npc_dota_hero_snapfire";"Snapfire";"Snapfire";3;1;"/images/heroes/vertical/snapfire_vert.png";2;"0,1,3,1,0,0,1,0,0";"Anti-Mage,Silencer,Nyx Assassin,Ancient Apparition,Juggernaut,Abaddon,Pudge,Sven";"Queen of Pain,Clockwerk,Pugna,Meepo";"Chen,Clockwerk,Phantom Lancer,Phoenix,Omniknight,Faceless Void";"Broodmother,Chaos Knight,Naga Siren,Undying,Gyrocopter,Zeus";"Clockwerk,Faceless Void,Oracle,Warlock,Mars";"Earthshaker,Enigma,Mars,Magnus,Enigma,Earthshaker,Earth Spirit,Keeper of the Light,Tidehunter,Kunkka"
123;"npc_dota_hero_hoodwink";"Hoodwink";"Hoodwink";1;2;"/images/heroes/vertical/hoodwink_vert.png";2;"0,2,2,1,0,0,2,0,0";"Storm Spirit,Timbersaw,Treant Protector,Vengeful Spirit,Beastmaster,Warlock,Slark,Windranger,Zeus,Techies,Clinkz,Nyx Assassin";"Timbersaw,Windranger,Lina,Kunkka,Disruptor,Mars";"Abaddon,Bristleback,Huskar,Lion,Monkey King,Phantom Assassin,Phantom Lancer,Morphling,Templar Assassin";"Bristleback,Underlord,Spectre,Dragon Knight";"Elder Titan,Monkey King,Nature's Prophet,Windranger,Invoker,Disruptor,Pugna,Sand King";"Shadow Shaman"
135;"npc_dota_hero_dawnbreaker";"Dawnbreaker";"Dawnbreaker";0;1;"/images/heroes/vertical/dawnbreaker_vert.png";1;"1,0,0,0,0,2,0,0,0";"Viper,Lifestealer,Nyx Assassin,Drow Ranger,Disruptor,Faceless Void";"Lion,Crystal Maiden,Venomancer";"Chen,Nature's Prophet,Legion Commander,Mars,Naga Siren,Spirit Breaker,Spectre";"Phantom Lancer,Beastmaster,Lycan";"Enigma,Necrophos,Legion Commander";"Bristleback,Medusa,Wraith King,Sand King,Nyx Assassin,Spirit Breaker"
136;"npc_dota_hero_marci";"Marci";"Marci";3;2;"/images/heroes/vertical/marci_vert.png";1;"1,1,0,1,0,0,1,0,2";"Axe,Anti-Mage,Bloodseeker,Dark Willow,Death Prophet,Lifestealer,Lycan,Necrophos,Oracle,Pangolier,Warlock,Weaver";"Razor,Rubick,Bane,Dragon Knight,Underlord,Bane,Lion,Shadow Shaman,Invoker,Disruptor,Kunkka,Ember Spirit,Void Spirit,Storm Spirit,Anti-Mage,Faceless Void,Puck";"Enchantress,Mars,Nature's Prophet,Phoenix,Zeus";"Sniper,Drow Ranger,Lina ,Rubick";"Grimstroke,Lifestealer,Lycan,Razor,Snapfire,Troll Warlord,Ursa,Venomancer";"Medusa,Gyrocopter,Juggernaut,Luna,Terrorblade,Slardar,Bristleback,Vengeful Spirit"
137;"npc_dota_hero_primal_beast";"Primal Beast";"Primal Beast";0;1;"/images/heroes/vertical/primal_beast_vert.png";1;"0,0,0,2,0,3,0,0,3";"Abaddon,Oracle,Clockwerk,Bloodseeker,Disruptor,Invoker,Grimstroke,Enigma,Troll Warlord,Faceless Void,Underlord,Phoenix,Weaver";"Phoenix,Tinker,Dazzle,Shadow Demon,Dark Willow,Lich,Ogre Magi,Winter Wyvern,Shadow Shaman,Lion,Nyx Assassin,Earth Spirit,Grimstroke,Troll Warlord,Lone Druid,Outworld Destroyer";"Axe,Ancient Apparition,Broodmother,Spectre,Juggernaut,Sniper,Razor,Slark,Muerta,Luna,Magnus,Nature's Prophet,Terrorblade,Phantom Assassin,Pugna";"Lifestealer,Spirit Breaker,Gyrocopter,Leshrac,Nature's Prophet,Tinker,Templar Assassin,Chaos Knight,Naga Siren,Terrorblade,Medusa,Drow Ranger,Keeper of the Light,Luna,Templar Assassin,Witch Doctor,Omniknight,Silencer,Crystal Maiden";"Dark Seer,Centaur Warrunner,Skywrath Mage,Grimstroke,Disruptor,Timbersaw,Mars";"Dazzle,Venomancer,Viper,Faceless Void,Wraith King,Sven,Huskar,Centaur Warrunner,Mars,Razor,Slark,Drow Ranger,Ursa,Enigma,Necrophos,Magnus"
138;"npc_dota_hero_muerta";"Muerta";"Muerta";2;1;"/images/heroes/vertical/muerta_vert.png";2;"3,0,2,1,0,0,0,0,0";"Abaddon,Ancient Apparition,Anti-Mage,Axe,Bane,Broodmother,Dark Willow,Dawnbreaker,Earthshaker,Jakiro,Juggernaut,Lifestealer,Luna,Nyx Assassin,Outworld Destroyer,Pudge,Shadow Shaman,Silencer,Spectre,Zeus";"Lina,Luna,Pugna,Jakiro,Crystal Maiden,Enigma,Ogre Magi,Tinker,Broodmother,Dawnbreaker,Arc Warden,Tinker,Jakiro,Lina,Luna,Pugna,Ogre Magi,Enigma,Batrider,Techies,Broodmother,Dawnbreaker,Shadow Shaman,Bane,Tinker,Venomancer,Arc Warden,Storm Spirit,Earth Spirit,Ember Spirit,Void Spirit,Lycan,Chaos Knight,Tusk,Luna,Jakiro,Broodmother,Dawnbreaker,Naga Siren,Lina,Silencer,Batrider,Outworld Destroyer,Razor,Axe,Bane,Beastmaster,Dawnbreaker,Magnus,Medusa,Enigma,Pudge,Spectre,Jakiro,Luna,Lina,Tusk,Broodmother,Shadow Fiend,Ember Spirit,Gyrocopter,Vengeful Spirit,Arc Warden,Medusa,Shadow Shaman,Enigma,Dawnbreaker,Axe,Naga Siren,Jakiro,Bane,Pudge,Batrider,Beastmaster,Grimstroke,Medusa,Magnus";"Nature's Prophet,Necrophos,Slark,Sniper,Sven,Phantom Lancer,Terrorblade,Timbersaw,Troll Warlord";"Arc Warden,Meepo,Lone Druid,Omniknight,Tidehunter,Phantom Assassin,Terrorblade,Drow Ranger,Lifestealer,Anti-Mage,Alchemist,Lycan,Clinkz,Sniper";"Ogre Magi,Dark Seer,Pugna,Io";"Lion,Venomancer,Omniknight,Keeper of the Light"
131;"npc_dota_hero_ringmaster";"Ringmaster";"Ringmaster";2;2;"/images/heroes/vertical/ringmaster_vert.png";2;"0,2,2,1,0,0,2,0,0";"";"";"";"";"";""
145;"npc_dota_hero_kez";"Kez";"Kez";1;3;"/images/heroes/vertical/kez_vert.png";1;"3,0,0,1,0,0,2,0,0";"";"";"";"";"";""